block,ts,deposit_amt,weekly,monthly,sixty_days,quarterly,yearly
18571359,2023-11-14 11:32:47,1000000000000000000000,1000000000000000000000,1000000000000000000000,1000000000000000000000,1004132827432932160714,1118525107005963730492
18576359,2023-11-15 04:20:23,1000000000000000000000,1000000000000000000000,1000000000000000000000,1000000000000000000000,1004132827432932160714,1118991495147831277614
18581359,2023-11-15 21:07:35,1000000000000000000000,1000000000000000000000,1000000000000000000000,1000000000000000000000,1004132827432932160714,1119450810172776402246
18581359,2023-11-15 21:07:35,1000000000000000000000,1000000000000000000000,1000000000000000000000,1000000000000000000000,1004132827432932160714,1119450810172776402246
18586359,2023-11-16 13:52:11,1000000000000000000000,1000000000000000000000,1000000000000000000000,1000000000000000000000,1005397541783433186685,1119902646968836365869
18591359,2023-11-17 06:40:11,1000000000000000000000,1000000000000000000000,1000000000000000000000,1000000000000000000000,1008433614482437187010,1120344267728962766530
18596359,2023-11-17 23:28:11,1000000000000000000000,1000000000000000000000,1000000000000000000000,1000010464746009265269,1008433614482437187010,1120773300998677207428
18601359,2023-11-18 16:20:59,1000000000000000000000,1000000000000000000000,1000000000000000000000,1000011172450623763329,1008433614482437187010,1121190141931021641870
18606359,2023-11-19 09:10:11,1000000000000000000000,1000000000000000000000,1000000000000000000000,1000011172450623763329,1008433614482437187010,1121597129636290397616
18611359,2023-11-20 01:56:59,1000000000000000000000,1000000000000000000000,1000000000000000000000,1000011172450623763329,1008433614482437187010,1121996885808994414889
18616359,2023-11-20 18:45:47,1000000000000000000000,1000000000000000000000,1000000000000000000000,1000011172450623763329,1008433614482437187010,1122403679581812706594
18621359,2023-11-21 11:34:35,1000000000000000000000,1000000000000000000000,1000000000000000000000,1000011172450623763329,1008433614482437187010,1122799808018916082909
18626359,2023-11-22 04:22:59,1000000000000000000000,1000000000000000000000,1000000000000000000000,1000011172450623763329,1008433614482437187010,1123192873674572239911
18631359,2023-11-22 21:09:35,1000000000000000000000,1000000000000000000000,1000000000000000000000,1000011172450623763329,1008433614482437187010,1123582516881203254839
18636359,2023-11-23 13:56:23,1000000000000000000000,1000000000000000000000,1000000000000000000000,1000011172450623763329,1008433614482437187010,1123968649667301775121
18641359,2023-11-24 06:46:59,1000000000000000000000,1000000000000000000000,1000000000000000000000,1000011172450623763329,1010679024515175489884,1124352153131801340814
18646359,2023-11-24 23:34:35,1000000000000000000000,1000000000000000000000,1000000000000000000000,1000011172450623763329,1011933153916209983870,1124722283564891008352
18651359,2023-11-25 16:22:35,1000000000000000000000,1000000000000000000000,1000000000000000000000,1000011172450623763329,1011933153916209983870,1125086200503287004602
18656359,2023-11-26 09:11:47,1000000000000000000000,1000000000000000000000,1000000000000000000000,1000011172450623763329,1011933153916209983870,1125447821550412590887
18661359,2023-11-27 02:00:59,1000000000000000000000,1000000000000000000000,1000000000000000000000,1000011172450623763329,1011933153916209983870,1125848559174685464565
18666359,2023-11-27 18:49:47,1000000000000000000000,1000000000000000000000,1000000000000000000000,1000011172450623763329,1011933153916209983870,1126352370398075665929
18671359,2023-11-28 11:38:11,1000000000000000000000,1000000000000000000000,1000000000000000000000,1000011172450623763329,1011933153916209983870,1126829453235277474352
18676359,2023-11-29 04:24:59,1000000000000000000000,1000000000000000000000,1000000000000000000000,1000011172450623763329,1011933153916209983870,1127297673064596898394
18681359,2023-11-29 21:11:47,1000000000000000000000,1000000000000000000000,1000000000000000000000,1000011172450623763329,1011933153916209983870,1127760413863389675583
18686359,2023-11-30 13:59:35,1000000000000000000000,1000000000000000000000,1000000000000000000000,1000011172450623763329,1013800363700955006895,1128220516358024115627
18691359,2023-12-01 06:47:11,1000000000000000000000,1000000000000000000000,1000000000000000000000,1000011172450623763329,1016681908289447441711,1128670102447054590501
18696359,2023-12-01 23:33:59,1000000000000000000000,1000000000000000000000,1000000000000000000000,1000011172450623763329,1016681908289447441711,1129094074776052028314
18701359,2023-12-02 16:19:23,1000000000000000000000,1000000000000000000000,1000000000000000000000,1000011172450623763329,1016681908289447441711,1129517692815295475596
18706359,2023-12-03 09:08:23,1000000000000000000000,1000000000000000000000,1000000000000000000000,1000011172450623763329,1016681908289447441711,1129940126640584185457
18711359,2023-12-04 01:56:59,1000000000000000000000,1000000000000000000000,1000000000000000000000,1000011172450623763329,1016681908289447441711,1130371543749322955944
18716359,2023-12-04 18:44:11,1000000000000000000000,1000000000000000000000,1000000000000000000000,1000011172450623763329,1016681908289447441711,1130822641303060528474
18721359,2023-12-05 11:33:23,1000000000000000000000,1000000000000000000000,1000000000000000000000,1000011172450623763329,1016681908289447441711,1131271224584314273845
18726359,2023-12-06 04:21:59,1000000000000000000000,1000000000000000000000,1000000000000000000000,1000011172450623763329,1016681908289447441711,1131717855360556328271
18731359,2023-12-06 21:12:11,1000000000000000000000,1000000000000000000000,1000000000000000000000,1000011172450623763329,1016681908289447441711,1132160389295524576735
18736359,2023-12-07 14:00:23,1000000000000000000000,1000000000000000000000,1000000000000000000000,1000011172450623763329,1017563752311441385465,1132585345000212159268
18741359,2023-12-08 06:51:47,1000000000000000000000,1000000000000000000000,1000000000000000000000,1000011172450623763329,1025230681812615414905,1133005954495793046664
18746359,2023-12-08 23:41:59,1000000000000000000000,1000000000000000000000,1000000000000000000000,1000011172450623763329,1025230681812615414905,1133425293219688288196
18751359,2023-12-09 16:31:23,1000000000000000000000,1000000000000000000000,1000000000000000000000,1000011172450623763329,1025230681812615414905,1133843760873983740746
18756359,2023-12-10 09:19:11,1000000000000000000000,1000000000000000000000,1000000000000000000000,1000011172450623763329,1025230681812615414905,1134256997353651270976
18761359,2023-12-11 02:05:11,1000000000000000000000,1000000000000000000000,1000000000000000000000,1004132827432932160714,1025230681812615414905,1134679369179501326099
18766359,2023-12-11 18:53:23,1000000000000000000000,1000000000000000000000,1000000000000000000000,1004132827432932160714,1025230681812615414905,1135138608546046013664
18771359,2023-12-12 11:40:59,1000000000000000000000,1000000000000000000000,1000000000000000000000,1004132827432932160714,1025230681812615414905,1135596431799187013974
18776359,2023-12-13 04:28:11,1000000000000000000000,1000000000000000000000,1000000000000000000000,1004132827432932160714,1025230681812615414905,1136052125998459499077
18781359,2023-12-13 21:18:11,1000000000000000000000,1000000000000000000000,1000000000000000000000,1004132827432932160714,1025230708971797474646,1136507779974863307725
18786359,2023-12-14 14:07:59,1000000000000000000000,1000000000000000000000,1000000000000000000000,1004132827432932160714,1025230819336288572415,1136961759577238310261
18791359,2023-12-15 06:56:11,1000000000000000000000,1000000000000000000000,1000000000000000000000,1004132827432932160714,1025661943503531908017,1137412688747446013251
18796359,2023-12-15 23:49:35,1000000000000000000000,1000000000000000000000,1000000000000000000000,1004132827432932160714,1026450753774391404521,1137862317223228855457
18801359,2023-12-16 16:41:23,1000000000000000000000,1000000000000000000000,1000000000000000000000,1004132827432932160714,1027230497380927835935,1138311098991611737210
18806359,2023-12-17 09:32:47,1000000000000000000000,1000000000000000000000,1000000000000000000000,1008433614482437187010,1028000218744511872359,1138759758049929252232
18811359,2023-12-18 02:21:23,1000000000000000000000,1000000000000000000000,1000005743611278337418,1008433614482437187010,1028761601747607930186,1139170922789043782295
18816359,2023-12-18 19:11:11,1000000000000000000000,1000000000000000000000,1000011172450623763329,1008433614482437187010,1029509776760067226457,1139423609776547772124
18821359,2023-12-19 12:04:11,1000000000000000000000,1000000000000000000000,1000011172450623763329,1008433614482437187010,1030256572076589208341,1139677768897680894636
18821359,2023-12-19 12:04:11,1000000000000000000000,1000000000000000000000,1000011172450623763329,1008433614482437187010,1030256572076589208341,1139677768897680894636
18826359,2023-12-20 04:54:47,1000000000000000000000,1000000000000000000000,1000011172450623763329,1008433614482437187010,1030975129868201201022,1139932309633893041169
18831359,2023-12-20 21:45:59,1000000000000000000000,1000000000000000000000,1000011172450623763329,1008433614482437187010,1031680860455868980576,-2
18836359,2023-12-21 14:35:11,1000000000000000000000,1000000000000000000000,1000011172450623763329,1008433614482437187010,1032376742742470360530,-2
18841359,2023-12-22 07:23:11,1000000000000000000000,1000000000000000000000,1000011172450623763329,1008433614482437187010,1032942503440979915731,-2
18846359,2023-12-23 00:13:11,1000000000000000000000,1000000000000000000000,1000011172450623763329,1008433614482437187010,1033401530859744789684,-2
18851359,2023-12-23 17:02:59,1000000000000000000000,1000000000000000000000,1000011172450623763329,1008433614482437187010,1033857679032329764317,-2
18851359,2023-12-23 17:02:59,1000000000000000000000,1000000000000000000000,1000011172450623763329,1008433614482437187010,1033857679032329764317,-2
18856359,2023-12-24 09:56:35,1000000000000000000000,1000000000000000000000,1000011172450623763329,1010679024515175489884,1034314870713070063112,-2
18861359,2023-12-25 02:46:11,1000000000000000000000,1000000000000000000000,1000011172450623763329,1011933153916209983870,1034759547523173328904,-2
18866359,2023-12-25 19:40:47,1000000000000000000000,1000000000000000000000,1000011172450623763329,1011933153916209983870,1035204031736060256518,-2
18871359,2023-12-26 12:28:35,1000000000000000000000,1000000000000000000000,1000011172450623763329,1011933153916209983870,1035646379892581046508,-2
18876359,2023-12-27 05:19:35,1000000000000000000000,1000000000000000000000,1000011172450623763329,1011933153916209983870,1036095424559324974962,-2
18881359,2023-12-27 22:12:23,1000000000000000000000,1000000000000000000000,1000011172450623763329,1011933153916209983870,1036551437108399220483,-2
18886359,2023-12-28 15:03:59,1000000000000000000000,1000000000000000000000,1000011172450623763329,1011933153916209983870,1036927476453483656022,-2
18891359,2023-12-29 07:52:47,1000000000000000000000,1000000000000000000000,1000011172450623763329,1011933153916209983870,1037497439909945761449,-2
18896359,2023-12-30 00:48:11,1000000000000000000000,1000000000000000000000,1000011172450623763329,1011933153916209983870,1037962368880908711636,-2
18901359,2023-12-30 17:39:59,1000000000000000000000,1000000000000000000000,1000011172450623763329,1011933153916209983870,1038475243804030967385,-2
18906359,2023-12-31 10:29:35,1000000000000000000000,1000000000000000000000,1000011172450623763329,1016681908289447441711,1038984159503699567274,-2
18911359,2024-01-01 03:19:35,1000000000000000000000,1000000000000000000000,1000011172450623763329,1016681908289447441711,1039491606500247016933,-2
18916359,2024-01-01 20:12:35,1000000000000000000000,1000000000000000000000,1000011172450623763329,1016681908289447441711,1039995025509773140312,-2
18921359,2024-01-02 13:03:59,1000000000000000000000,1000000000000000000000,1000011172450623763329,1016681908289447441711,1040492515536336293071,-2
18926359,2024-01-03 05:52:23,1000000000000000000000,1000000000000000000000,1000011172450623763329,1016681908289447441711,1040989520042618086297,-2
18931359,2024-01-03 22:42:23,1000000000000000000000,1000000000000000000000,1000011172450623763329,1016681908289447441711,1041253283358733790455,-2
18936359,2024-01-04 15:31:47,1000000000000000000000,1000000000000000000000,1000011172450623763329,1016681908289447441711,1041754203001010795189,-2
18941359,2024-01-05 08:26:11,1000000000000000000000,1000000000000000000000,1000011172450623763329,1016681908289447441711,1042369066938572327515,-2
18946359,2024-01-06 01:20:11,1000000000000000000000,1000000000000000000000,1000011172450623763329,1016681908289447441711,1042982271298370043369,-2
18951359,2024-01-06 18:23:47,1000000000000000000000,1000000000000000000000,1000011172450623763329,1016681908289447441711,1043593635400098434742,-2
18956359,2024-01-07 11:23:11,1000000000000000000000,1000000000000000000000,1000011172450623763329,1025230681812615414905,1044204287465805418684,-2
18961359,2024-01-08 04:17:23,1000000000000000000000,1000000000000000000000,1000011172450623763329,1025230681812615414905,1044836798970034728188,-2
18966359,2024-01-08 21:10:59,1000000000000000000000,1000000000000000000000,1000011172450623763329,1025230681812615414905,1045520708356875897645,-2
18971359,2024-01-09 14:02:11,1000000000000000000000,1000000000000000000000,1000011172450623763329,1025230681812615414905,1046183849976458830568,-2
18976359,2024-01-10 06:49:59,1000000000000000000000,1000002908136868934004,1003011993477281023094,1025230681812615414905,1046846820502080600381,-2
18981359,2024-01-10 23:37:59,1000000000000000000000,1000011172450623763329,1004132827432932160714,1025230681812615414905,1047510625211196475426,-2
18986359,2024-01-11 16:29:11,1000000000000000000000,1000011172450623763329,1004132827432932160714,1025230681812615414905,1048169089407305218135,-2
18991359,2024-01-12 09:17:23,1000000000000000000000,1000011172450623763329,1004132827432932160714,1025230681812615414905,1048500910136574397139,-2
18996359,2024-01-13 02:03:47,1000000000000000000000,1000011172450623763329,1004132827432932160714,1025230681812615414905,1048835903177798588468,-2
19001359,2024-01-13 18:50:11,1000000000000000000000,1000011172450623763329,1004132827432932160714,1025230792311385332323,1049170810303640656670,-2
19006359,2024-01-14 11:36:35,1000000000000000000000,1000011172450623763329,1004132827432932160714,1025502854639570884617,1049540060620873309662,-2
19011359,2024-01-15 04:21:47,1000000000000000000000,1000011172450623763329,1004132827432932160714,1026293125352274510091,1049925770151156333229,-2
19016359,2024-01-15 21:07:35,1000000000000000000000,1000011172450623763329,1004132827432932160714,1027076497367444911277,1050313215543421338746,-2
19021359,2024-01-16 13:52:23,1000000000000000000000,1000011172450623763329,1008433614482437187010,1027846480839953978709,1050705092450247040892,-2
19026359,2024-01-17 06:37:59,1000000000000000000000,1000010135894758519026,1008432569196337793061,1028608534903237278902,1051102650874427655426,-2
19031359,2024-01-17 23:27:11,1000000000000000000000,999999999999999999999,1008422347933546999972,1029348752380228283327,1051493283490350570283,-2
19036359,2024-01-18 16:14:23,1000000000000000000000,999999999999999999999,1008422347933546999972,1030095474166025542274,1051895944600718543961,-2
19041359,2024-01-19 08:58:47,1000000000000000000000,999999999999999999999,1008422347933546999972,1030820925765673026674,1052142512355687779503,-2
19046359,2024-01-20 01:43:59,1000000000000000000000,999999999999999999999,1008422347933546999972,1031529543080111332335,1052390049242277375029,-2
19051359,2024-01-20 18:28:59,1000000000000000000000,999999999999999999999,1008422347933546999972,1032226872836310658131,1052638024004727842138,-2
19056359,2024-01-21 11:13:35,1000000000000000000000,999999999999999999999,1008422347933546999972,1032837538011624481735,1052886787714918218444,-2
19061359,2024-01-22 04:22:59,1000000000000000000000,999999999999999999999,1008422347933546999972,1033299366659750562201,1053135163272404448148,-2
19066359,2024-01-22 21:18:35,1000000000000000000000,999999999999999999999,1008422347933546999972,1033754899288759959982,1053385988149876962390,-2
19071359,2024-01-23 14:09:59,1000000000000000000000,999999999999999999999,1010667732879832859124,1034211798025121817034,1053644884395361731590,-2
19076359,2024-01-24 07:00:59,1000000000000000000000,999999999999999999999,1011921848269325087507,1034658870453512683415,1053907523829610380011,-2
19081359,2024-01-24 23:50:35,1000000000000000000000,999999999999999999999,1011921848269325087507,1035103953677716972217,1054171133423479471456,-2
19086359,2024-01-25 16:38:11,1000000000000000000000,999999999999999999999,1011921848269325087507,1035545813408680757926,1054439208778883091332,-2
19091359,2024-01-26 09:25:11,1000000000000000000000,999999999999999999999,1011921848269325087507,1035993482941002593722,1054655251712306421461,-2
19096359,2024-01-27 02:14:11,1000000000000000000000,999999999999999999999,1011921848269325087507,1036448712927109435464,1054752147656030282905,-2
19101359,2024-01-27 19:05:11,1000000000000000000000,999999999999999999999,1011921848269325087507,1036820699426653458924,1054752147656030282905,-2
19106359,2024-01-28 11:55:47,1000000000000000000000,999999999999999999999,1011921848269325087507,1037372327303395275283,1055161493496598007412,-2
19111359,2024-01-29 04:42:23,1000000000000000000000,999999999999999999999,1011921848269325087507,1037909476397768101251,1055624102093995879983,-2
19116359,2024-01-29 21:31:11,1000000000000000000000,999999999999999999999,1011921848269325087507,1038362029347364908904,1055839504839233562103,-2
19121359,2024-01-30 14:18:23,1000000000000000000000,999999999999999999999,1016670549587931536218,1038870652552916786278,1056056383472396584466,-2
19126359,2024-01-31 07:07:23,1000000000000000000000,999999999999999999999,1016670549587931536218,1039378353258844943843,1056275375506696393663,-2
19131359,2024-01-31 23:58:11,1000000000000000000000,999999999999999999999,1016670549587931536218,1039883695472657003810,1056495789366705748889,-2
19136359,2024-02-01 16:48:11,1000000000000000000000,999999999999999999999,1016670549587931536218,1040380161400504791719,1056614181857988829225,-2
19141359,2024-02-02 09:39:47,1000000000000000000000,1001987485383681501865,1016670549587931536218,1040877921201223381067,1056905751886978220032,-2
19146359,2024-02-03 02:31:11,1000000000000000000000,1004121608933836093639,1016670549587931536218,1041141870029071631241,1057197471446577474092,-2
19151359,2024-02-03 19:20:59,1000000000000000000000,1004121608933836093639,1016670549587931536218,1041641137141065100858,1057488865742518165565,-2
19156359,2024-02-04 12:14:59,1000000000000000000000,1004121608933836093639,1016670549587931536218,1042233943178628016903,1057779561478818795167,-2
19161359,2024-02-05 05:03:47,1000000000000000000000,1004121608933836093639,1016670549587931536218,1042848171016252411208,1058069801223487658209,-2
19166359,2024-02-05 21:55:47,1000000000000000000000,1004121608933836093639,1016670549587931536218,1043459371539881530914,1058358352557337138861,-2
19171359,2024-02-06 14:45:35,1000000000000000000000,1004121608933836093639,1025219227601416505300,1044070886641993739654,1058641496657654640553,-2
19176359,2024-02-07 07:36:59,1000000000000000000000,1004121608933836093639,1025219227601416505300,1044683683270076668931,1058920253208789951447,-2
19181359,2024-02-08 00:28:23,1000000000000000000000,1004121608933836093639,1025219227601416505300,1045375207329858724116,1059196827016987874523,-2
19186359,2024-02-08 17:17:35,1000000000000000000000,1008422347933546999972,1025219227601416505300,1046040341393230806817,1059470626133629069716,-2
19191359,2024-02-09 10:07:11,1000000000000000000000,1007138390788301107146,1023913884105787174029,1045368648221021223295,1058394164643553771868,-2
19196359,2024-02-10 02:54:59,1000000000000000000000,1004283085795033708929,1021011019462056595163,1043067593754497635742,1055661863159170041312,-2
19201359,2024-02-10 19:47:47,1000000000000000000000,1004283085795033708929,1021011019462056595163,1043724894517606822104,1055927338985836142972,-2
19206359,2024-02-11 12:40:11,1000000000000000000000,1004283085795033708929,1021011019462056595163,1044119739492061869281,1056190549455952650399,-2
19211359,2024-02-12 05:29:59,1000000000000000000000,1004283085795033708929,1021011019462056595163,1044451848318449217904,1056449597233590218376,-2
19216359,2024-02-12 22:17:47,1000000000000000000000,1004283085795033708929,1021011100764664644857,1044784453573158652729,1056705217807077802884,-2
19221359,2024-02-13 15:08:47,1000000000000000000000,1004283085795033708929,1021123058960933225541,1045144271292953135758,1056960381742878665733,-2
19226359,2024-02-14 07:58:47,1000000000000000000000,1004283085795033708929,1021912060060880743602,1045527640343633062452,1057210900362479730513,-2
19231359,2024-02-15 00:51:11,1000000000000000000000,1004283085795033708929,1022693884590987976243,1045912590657375137883,1057456206179637307576,-2
19236359,2024-02-15 17:38:47,1000000000000000000000,1002063652070109695020,1019098902077523483740,1041839411994440900752,1053185913577335400195,-2
19241359,2024-02-16 10:31:35,1000000000000000000000,1003159126694556807570,1019856519755093080340,1042233980388481639200,1053722103429418269275,-2
19246359,2024-02-17 03:20:47,1000000000000000000000,1003470272493414334320,1020603877050451474283,1042631025822917452261,1054191353714252817644,-2
19251359,2024-02-17 20:13:11,1000000000000000000000,1003470272493414334320,1021343888988934784648,1043030206735586338942,1054600310290464606232,-2
19256359,2024-02-18 13:07:47,1000000000000000000000,1003470272493414334320,1022068627866200080488,1043306191202801003274,1054998333358056072364,-2
19261359,2024-02-19 06:03:11,1000000000000000000000,1003470272493414334320,1022774257032453123697,1043551466495316271184,1055393035649845646033,-2
19266359,2024-02-19 22:52:35,1000000000000000000000,1003470272493414334320,1023467900058280400661,1043797058759483610474,1055773886472506199696,-2
19271359,2024-02-20 15:42:11,1000000000000000000000,1003470272493414334320,1024117808802306168795,1044043958599619896071,1056123182614263875692,-2
19276359,2024-02-21 08:34:23,1000000000000000000000,1003470272493414334320,1024578075919655269741,1044289690375595486996,1056452358204764075585,-2
19281359,2024-02-22 01:25:23,1000000000000000000000,1003470272493414334320,1025030720178420705949,1044537871619598046698,1056770019778692894116,-2
19286359,2024-02-22 18:15:23,1000000000000000000000,1006476847871318341383,1023751635832232780275,1043028441420602832871,1055277317640775261800,-2
19291359,2024-02-23 11:03:35,1000000000000000000000,1005213313516502045244,1022911476667305069542,1041978602011676053442,1054384421207347244858,-2
19296359,2024-02-24 03:49:23,1000000000000000000000,1004692755005466165266,1022821131378672142957,1041699335083376012729,1054239232644335473723,-2
19301359,2024-02-24 20:36:23,1000000000000000000000,1004692755005466165266,1023258213875888129904,1041963137487051616993,1054627693441609295025,-2
19306359,2024-02-25 13:22:59,1000000000000000000000,1004692755005466165266,1023699358859778832704,1042187174724161918758,1055010097679174549768,-2
19311359,2024-02-26 06:11:11,1000000000000000000000,1004692755005466165266,1024143633785980739089,1042325698827391878643,1055385571967288512179,-2
19316359,2024-02-26 22:59:23,1000000000000000000000,1004692755005466165266,1024553584961094674050,1042325698827391878643,1055751365990499619380,-2
19321359,2024-02-27 15:45:35,1000000000000000000000,1004692755005466165266,1025038850815648418061,1042432177467366765041,1056102436021375379484,-2
19326359,2024-02-28 08:35:59,1000000000000000000000,1004692755005466165266,1025594041989532163696,1043144932776914316916,1056442180573683956797,-2
19331359,2024-02-29 01:22:35,1000000000000000000000,1004692755005466165266,1026027027540869152442,1043357819594752753128,1056776265276930757990,-2
19336359,2024-02-29 18:10:23,1000000000000000000000,1008408503636649894360,1021736013847915738237,1038697221355508832917,1052165624599675350416,-2
19341359,2024-03-01 10:56:23,1000000000000000000000,1008408503636649894360,1022235953383894775017,1038912226533683608098,1052636374732802757237,-2
19346359,2024-03-02 03:42:23,1000000000000000000000,1008408503636649894360,1022734264005290351879,1039128515741897558303,1053118157234868086829,-2
19351359,2024-03-02 20:28:23,1000000000000000000000,1008408503636649894360,1023222504448765406455,1039288668572377663844,1053593796350627252462,-2
19356359,2024-03-03 13:14:23,1000000000000000000000,1008408503636649894360,1023713636300150161258,1039517862148357755942,1054065385230321832313,-2
19361359,2024-03-04 06:00:11,1000000000000000000000,1008408503636649894360,1023971281688159319141,1039805164434793335665,1054532202437387092323,-2
19366359,2024-03-04 22:44:11,1000000000000000000000,1008408503636649894360,1024461019610154162166,1040091786283746029876,1054991532550071035016,-2
19371359,2024-03-05 15:29:23,1000000000000000000000,1008408503636649894360,1025023018107483082372,1040377967967074035131,1055438822805189499190,-2
19376359,2024-03-06 08:14:23,1000000000000000000000,1008408503636649894360,1025627858889060220991,1040663552392167848999,1055879963464186370218,-2
19381359,2024-03-07 00:59:35,1000000000000000000000,1008408571764805384203,1026229206435209001316,1040948091932565838704,1056313716923705224220,-2
19386359,2024-03-07 17:44:47,1000000000000000000000,1000501337262154717035,1018762346522317212266,1033045615860658613154,1048429649707333535175,-2
19391359,2024-03-08 10:31:47,1000000000000000000000,1000790045744421527185,1018863666203203750675,1032817874627582735351,1048348872554447928643,-2
19396359,2024-03-09 03:30:47,1000000000000000000000,1001556758899883519479,1019529010375568926479,1033088259069821831511,1048766810799528919057,-2
19401359,2024-03-09 20:15:59,1000000000000000000000,1002311543231945938494,1020179776223100353323,1033355406639382687951,1049184606786449691666,-2
19406359,2024-03-10 14:03:11,1000000000000000000000,1003058356291746948887,1020823006679107691496,1033622273882149099073,1049595495367945107431,-2
19411359,2024-03-11 06:48:23,1000000000000000000000,1003794104303407663760,1021473720966237962082,1033885306611462967867,1049999251360620467898,-2
19416359,2024-03-11 23:36:47,1000000000000000000000,1004523605390458706840,1022117881503224741428,1034146292362123019316,1050395654248038955374,-2
19421359,2024-03-12 16:22:59,1000000000000000000000,1005240048333949121685,1022568684551451147338,1034404446858298057533,1050788064585344804607,-2
19426359,2024-03-13 09:09:47,1000000000000000000000,1005934888005898886726,1022892639307442687927,1034658438098445079625,1051175422899613939446,-2
19431359,2024-03-14 02:05:35,1000000000000000000000,1006618745425398423784,1023219057704544947718,1034909501481948450419,1051557883912957202903,-2
19436359,2024-03-14 19:02:11,1000000000000000000000,1007283188427420248491,1023562340958088835864,1035159047922527829592,1051938188807995265162,-2
19441359,2024-03-15 11:52:23,1000000000000000000000,1007004063635555658916,1023191958616259398743,1034652540178815915556,1051482377543016060831,-2
19446359,2024-03-16 04:45:23,1000000000000000000000,1006678190997382622423,1022784337892679244589,1034100932531335113173,1050970802140959992301,-2
19451359,2024-03-16 21:39:11,1000000000000000000000,1006362972850031571150,1022391768986186416115,1033558023838244856084,1050471638875437909849,-2
19456359,2024-03-17 14:30:35,1000000000000000000000,1006052148327360211610,1022015893920590229409,1033253779648655111015,1049980834603583471595,-2
19461359,2024-03-18 07:23:23,1000000000000000000000,1005745260917745581859,1021653282347226595156,1032976485030177317861,1049500594325784931380,-2
19466359,2024-03-19 00:16:23,1000000000000000000000,1005444264176977637465,1021302256982746892440,1032632046289581523755,1049028362493645159328,-2
19471359,2024-03-19 17:06:35,1000000000000000000000,1005158858793531154157,1020872777690687195746,1032284387041403852441,1048568853288918896775,-2
19476359,2024-03-20 09:58:35,1000000000000000000000,1004897810189769129919,1020406201350520676907,1031956854907614561753,1048131500777030011044,-2
19481359,2024-03-21 02:49:11,1000000000000000000000,1004639310792551990898,1019951727248756065160,1031632298753236526841,1047704270686047034361,-2
19486359,2024-03-21 19:40:35,1000000000000000000000,1004406085251346260788,1019509972936219779201,1031287053016694447964,1047288269930856050198,-2
19491359,2024-03-22 12:29:11,1000000000000000000000,1004491664760484023298,1019281014175797759319,1031137613235685045147,1047011737180824060496,-2
19496359,2024-03-23 05:18:11,1000000000000000000000,1004475387567742788203,1019072445450715958547,1030994926944114669219,1046737095086447672827,-2
19501359,2024-03-23 22:10:35,1000000000000000000000,1004525002110700050286,1018868904520669681550,1030831003822841220903,1046462662872166837091,-2
19506359,2024-03-24 15:05:35,1000000000000000000000,1004576900920124405684,1018676580878982985661,1030771369702835193504,1046192682777384885973,-2
19511359,2024-03-25 08:01:11,1000000000000000000000,1004635176012487784783,1018493508260113177839,1030728204266494709136,1045931282038956252130,-2
19516359,2024-03-26 00:52:35,1000000000000000000000,1004686379672451351063,1018315033769821145657,1030669270699527616762,1045672799243785419257,-2
19521359,2024-03-26 17:46:59,1000000000000000000000,1004736614163442432134,1018106665536442315975,1030601022326938913645,1045412325358671454018,-2
19526359,2024-03-27 10:51:59,1000000000000000000000,1004597153577808779832,1017843399138591671864,1030524086742249953016,1045147161136802981101,-2
19531359,2024-03-28 04:16:11,1000000000000000000000,1004594761278675341341,1017397327128877790946,1030432193347928327925,1044875966562695195930,-2
19536359,2024-03-28 21:22:23,1000000000000000000000,1004716443636940586859,1016976109581719647266,1030350701746206788780,1044629926771669659618,-2
19541359,2024-03-29 14:12:47,1000000000000000000000,1004760602071199618410,1017178470263251578381,1030120809578173926070,1044227539753762467528,-2
19546359,2024-03-30 07:04:59,1000000000000000000000,1004919335256143639075,1016950029551270169723,1030006324252498530816,1043943012066932629054,-2
19551359,2024-03-30 23:58:59,1000000000000000000000,1005014545431796407839,1016657648459395708659,1029819651430266166704,1043591983541280173230,-2
19556359,2024-03-31 16:52:23,1000000000000000000000,1005109646527716350210,1016370062579975519757,1029744714562960127616,1043243123675521228631,-2
19561359,2024-04-01 09:45:23,1000000000000000000000,1005266914685491721310,1016085631870640938345,1029714178502615999567,1042895745368471378726,-2
19566359,2024-04-02 02:33:23,1000000000000000000000,1005429174188574828807,1015798044279867870321,1029687478861310569683,1042558529053875346410,-2
19571359,2024-04-02 19:25:23,1000000000000000000000,1005580005317932406498,1015478720984577010197,1029654797401276652861,1042220294245133376746,-2
19576359,2024-04-03 12:12:59,1000000000000000000000,1005888463246319224336,1015422747389763558414,1029770363731773857385,1042036056319473296613,-2
19581359,2024-04-04 04:58:11,1000000000000000000000,1006122456681368145659,1015298417107119696958,1029811409679890075000,1041783095912465915761,-2
19586359,2024-04-04 21:46:47,1000000000000000000000,1006074130222409998745,1015043954054656110631,1029707807467478949706,1041397492498322387438,-2
19591359,2024-04-05 14:36:23,1000000000000000000000,1005798277121959675108,1014723192358162976054,1029531126213812805796,1041025175605076419523,-2
19596359,2024-04-06 07:22:59,1000000000000000000000,1005529759892894089279,1014406208816415275815,1029352417158498984697,1040682093667450639605,-2
19601359,2024-04-07 00:12:23,1000000000000000000000,1005272502526302248162,1014085175250659851645,1029160888788277201294,1040339631528749230449,-2
19606359,2024-04-07 17:02:11,1000000000000000000000,1005052110375321122714,1013760811500713260068,1028975471141833584336,1039998418883506907675,-2
19611359,2024-04-08 09:50:35,1000000000000000000000,1004779368965677670310,1013378436179705174102,1028728823761064881317,1039600903882908328385,-2
19616359,2024-04-09 02:39:47,1000000000000000000000,1004507076624117634849,1012991091414686729837,1028479940180940030741,1039201605053606904762,-2
19621359,2024-04-09 19:28:11,1000000000000000000000,1004252992839163266548,1012615085001157297702,1028236216244325062603,1038814191600581576607,-2
19626359,2024-04-10 12:16:11,1000000000000000000000,1003992903891273145024,1012226617099612858737,1027977285836253232110,1038417534159743243768,-2
19631359,2024-04-11 05:02:23,1000000000000000000000,1003744163817104263399,1011844557152193474944,1027717882261380405505,1038028407823335616241,-2
19636359,2024-04-11 21:50:35,1000000000000000000000,1003551715868734308198,1011588019696926470492,1027585372401075885410,1037768842795927754456,-2
19641359,2024-04-12 14:38:59,1000000000000000000000,1003470309776861280931,1011517299923581372249,1027639611165451790191,1037613706244785692555,-2
19646359,2024-04-13 07:29:35,1000000000000000000000,1003385924760848994414,1011440557580652122876,1027686312364035535195,1037422970127930706836,-2
19651359,2024-04-14 00:21:11,1000000000000000000000,1003295267159578094093,1011353552832438884150,1027722391988439067583,1037224522758389337780,-2
19656359,2024-04-14 17:08:47,1000000000000000000000,1003165624941065951606,1011228377151622188028,1027667707742460657565,1036987466578239410811,-2
19661359,2024-04-15 09:58:59,1000000000000000000000,1003034256551825499621,1011092255590748732403,1027576653270047711462,1036746178326086340261,-2
19666359,2024-04-16 02:48:47,1000000000000000000000,1002904183999756273865,1010950702154195304822,1027483849734370302853,1036502250891049531344,-2
19671359,2024-04-16 19:37:35,1000000000000000000000,1002776637838131311211,1010966823798085506863,1027383389106435023681,1036252131715186769857,-2
19676359,2024-04-17 12:22:35,1000000000000000000000,1002647125786792128474,1011076307883582641552,1027278648334972952959,1035998579704129810383,-2
19681359,2024-04-18 05:09:59,1000000000000000000000,1002515786445220841069,1011093759538470750787,1027169969625406716918,1035741672479578878528,-2
19686359,2024-04-18 21:57:23,1000000000000000000000,1002422629269241688688,1011149483577998689437,1027121293234598845843,1035545983474407440327,-2
19691359,2024-04-19 14:46:59,1000000000000000000000,1002385883748264718326,1011291533375798738008,1027162343047742977224,1035466962830024053794,-2
19696359,2024-04-20 07:35:11,1000000000000000000000,1002150161087117419389,1011428180328396996348,1027202124244271893709,1035397159066215482103,-2
19701359,2024-04-21 00:21:23,1000000000000000000000,1001912899166148112366,1011533003127357928869,1027238829625576019927,1035325659414439246987,-2
19706359,2024-04-21 17:06:47,1000000000000000000000,1002399869945828383547,1011617504152505207684,1027217937706435779520,1035255411104688965325,-2
19711359,2024-04-22 09:52:47,1000000000000000000000,1002366743411437207424,1011687379992541281696,1027158933414943831179,1035183611912743909996,-2
19716359,2024-04-23 02:38:47,1000000000000000000000,1002330948224226079471,1011737063629042216023,1027096995986095722488,1035109226360221484231,-2
19721359,2024-04-23 19:25:35,1000000000000000000000,1002288568682805377531,1011839110047945113396,1027026043535038253446,1035024934180255248685,-2
19726359,2024-04-24 12:15:47,1000000000000000000000,1002246393664821195670,1011987563419339846250,1026953782024975389627,1034938719635986926994,-2
19731359,2024-04-25 05:02:59,1000000000000000000000,1002204493640187923214,1012108528332020601272,1026880567718162828529,1034851626680938692094,-2
19736359,2024-04-25 21:48:23,1000000000000000000000,1002112440672407606361,1012240362555537257212,1026824840626225336432,1034784089942832275061,-2
19741359,2024-04-26 14:38:35,1000000000000000000000,1002184306698011611909,1012395602862159885542,1026798382033259162331,1034765836339266508334,-2
19746359,2024-04-27 07:26:11,1000000000000000000000,1002451031899983032877,1012743093913714946631,1026972109840804587402,1034965067953419649853,-2
19751359,2024-04-28 00:13:47,1000000000000000000000,1002727048002260044585,1013084536639564944170,1027155486898536428683,1035174387064439153142,-2
19756359,2024-04-28 17:00:59,1000000000000000000000,1002296546444931950067,1012700062984552976240,1026602049944945621145,1034655431446448716955,-2
19761359,2024-04-29 09:47:47,1000000000000000000000,1002366809070563048071,1012816352930398811410,1026552796348031824753,1034653952757460316086,-2
19766359,2024-04-30 02:32:59,1000000000000000000000,1002433244626533384115,1012925684275167613388,1026503273091018956638,1034652462000493028322,-2
19771359,2024-04-30 19:19:47,1000000000000000000000,1002492122815627104429,1013107830800424793527,1026450742446434178108,1034650327794927959507,-2
19776359,2024-05-01 12:05:11,1000000000000000000000,1002546733006797253913,1013362215353504196690,1026396536145949861076,1034646624833791419260,-2
19781359,2024-05-02 04:51:11,1000000000000000000000,1002597465297529843800,1013610952679436382212,1026341291994144125154,1034641810273148717335,-2
19786359,2024-05-02 21:37:59,1000000000000000000000,1002718353588363245204,1013925753667063722537,1026359282868607584067,1034711969652441824332,-2
19791359,2024-05-03 14:24:47,1000000000000000000000,1002696140364633053620,1014095688073481228738,1026233784911772443324,1034648769484102845355,-2
19796359,2024-05-04 07:11:11,1000000000000000000000,1002674330358596159328,1014261856084834999197,1026110207261068861883,1034595576952027940367,-2
19801359,2024-05-04 23:57:59,1000000000000000000000,1002648996310516278578,1014417092190617033007,1025987456196876310573,1034542171571122211468,-2
19806359,2024-05-05 16:44:47,1000000000000000000000,1002620933313466240202,1014564194335386001870,1025924043297766161868,1034488685247128154862,-2
19811359,2024-05-06 09:31:59,1000000000000000000000,1002590553698736531899,1014706410519226077457,1025906195397621600896,1034436721354327825532,-2
19816359,2024-05-07 02:20:11,1000000000000000000000,1002560704366684829865,1014840396318053069535,1025892087138142066976,1034397323863702332864,-2
19821359,2024-05-07 19:06:35,1000000000000000000000,1002536144935341795222,1014978455659117736202,1025882867516920296644,1034370663132284889214,-2
19826359,2024-05-08 11:53:59,1000000000000000000000,1002507371669877238446,1015118347751783672027,1025876885484752213633,1034348535871066636435,-2
19831359,2024-05-09 04:41:59,1000000000000000000000,1002477823888135695585,1015261662196051558671,1025873772604907074092,1034329026675656813418,-2
19836359,2024-05-09 21:27:35,1000000000000000000000,1002577380628640481875,1015399596140442821111,1025873114721258096172,1034313573384515387785,-2
19841359,2024-05-10 14:14:35,1000000000000000000000,1002820380246030169178,1015534659640821018285,1025874136036747661711,1034200194332781470200,-2
19846359,2024-05-11 07:01:23,1000000000000000000000,1002972710863779350281,1015661970822118084802,1025876355341582665631,1034014946484524284140,-2
19851359,2024-05-11 23:48:11,1000000000000000000000,1003102236838354026213,1015788536067423866493,1025880062250943587131,1033833443773126640781,-2
19856359,2024-05-12 16:35:23,1000000000000000000000,1003231458752874911679,1015913834010625882188,1025821523455548627207,1033655969601745616401,-2
19861359,2024-05-13 09:21:35,1000000000000000000000,1003359463580412819886,1016037293466784274078,1025710199602636749237,1033481723062216480089,-2
19866359,2024-05-14 02:07:23,1000000000000000000000,1003462812477990208642,1016160729654073430776,1025602053426526833713,1033312564738775314384,-2
19871359,2024-05-14 19:00:23,1000000000000000000000,1003542678710234894344,1016247900181114041394,1025494057386175098784,1033145112950038347886,-2
19876359,2024-05-15 11:44:59,1000000000000000000000,1003616030591132377611,1016293916582315283563,1025392339380354886824,1032984412675135293551,-2
19881359,2024-05-16 04:31:35,1000000000000000000000,1003677586780940364183,1016343910273892810384,1025293878398069247407,1032827282968254548094,-2
19886359,2024-05-16 21:16:47,1000000000000000000000,1003676076393570422741,1016288325765430321061,1025090673801570458919,1032564868405785734292,-2
19891359,2024-05-17 14:04:35,1000000000000000000000,1003573799403179863635,1016058068229338415665,1024711711247750728995,1032124460470327602123,-2
19896359,2024-05-18 06:53:47,1000000000000000000000,1003534109145602641887,1015921151862360322359,1024428234097683090617,1031778369020989822031,-2
19901359,2024-05-18 23:39:35,1000000000000000000000,1003520097479888559107,1015816147490816052009,1024177454799553896573,1031465407643308541818,-2
19906359,2024-05-19 16:26:35,1000000000000000000000,1003502689599259354055,1015713851648603037953,1023947730145800837660,1031156103631343415413,-2
19911359,2024-05-20 09:12:59,1000000000000000000000,1003485119220925107178,1015614533802040385327,1023738556643434650475,1030851363189105038025,-2
19916359,2024-05-21 02:01:11,1000000000000000000000,1003475840718699677774,1015538748285355469981,1023554851547422391310,1030574549077183837505,-2
19921359,2024-05-21 18:47:11,1000000000000000000000,1003480245857463327790,1015448483726559956825,1023396302647346400591,1030326169090284905473,-2
19926359,2024-05-22 11:37:35,1000000000000000000000,1003490597578296224339,1015317172997042875402,1023251776217404119335,1030093208042181414826,-2
19931359,2024-05-23 04:21:59,1000000000000000000000,1003510044031312895030,1015200846914906797191,1023122701836430103688,1029875962702354933822,-2
19936359,2024-05-23 21:08:23,1000000000000000000000,1003557570872102674033,1015057785364404289319,1022966529217147352021,1029632128431789082123,-2
19941359,2024-05-24 13:53:59,1000000000000000000000,1003611821955011877402,1014828947037163453436,1022722242821453480520,1029300472662281710054,-2
19946359,2024-05-25 06:40:59,1000000000000000000000,1003694972049366991644,1014633531131108295697,1022512053825356788326,1028999444371825543182,-2
19951359,2024-05-25 23:26:59,1000000000000000000000,1003777075843933988607,1014444854664723521100,1022310178201711612363,1028705102965494922873,-2
19956359,2024-05-26 16:12:23,1000000000000000000000,1003863755033412094199,1014262449065495705032,1022128314536847656614,1028418542853112744164,-2
19961359,2024-05-27 08:58:23,1000000000000000000000,1003949770317846581884,1014084077043441950939,1021971983630014212282,1028136962830844376050,-2
19966359,2024-05-28 01:44:59,1000000000000000000000,1004039838332035036774,1013920864879622781974,1021831363545363333772,1027870970509924617245,-2
19971359,2024-05-28 18:30:47,1000000000000000000000,1004133669045640588222,1013761384852706502284,1021704546643924482597,1027618267649613289245,-2
19976359,2024-05-29 11:18:23,1000000000000000000000,1004229618206437783323,1013595436455952271347,1021584750776588626871,1027373103897775228650,-2
19981359,2024-05-30 04:05:59,1000000000000000000000,1004320603871300768748,1013435126815161336475,1021470989616889526096,1027120651670733446610,-2
19986359,2024-05-30 20:53:35,1000000000000000000000,1004365062363782304857,1013232187393250175817,1021315878156118518444,1026838929887779226820,-2
19991359,2024-05-31 13:39:11,1000000000000000000000,1004306285496844720547,1012923435978437268423,1021055228156166297402,1026444131228550738626,-2
19996359,2024-06-01 06:25:59,1000000000000000000000,1004251983877056454142,1012619044392661645079,1020798507219660221047,1026058103709084683562,-2
20001359,2024-06-01 23:09:35,1000000000000000000000,1004197839952321631210,1012322161335538553430,1020550180316609832099,1025680096743930929770,-2
20006359,2024-06-02 15:54:47,1000000000000000000000,1004141312456344133997,1012027702105120020961,1020312517738734774756,1025305012114352107421,-2
20011359,2024-06-03 08:40:59,1000000000000000000000,1004080252248803390763,1011738669281126437810,1020091112477988579450,1024935547681994747236,-2
20016359,2024-06-04 01:26:23,1000000000000000000000,1004025004464461671195,1011460297649573725369,1019880051740955720348,1024577074199537679552,-2
20021359,2024-06-04 18:11:11,1000000000000000000000,1003974579734380752558,1011229797710447773852,1019678408161248728528,1024228800673245166538,-2
20026359,2024-06-05 10:55:23,1000000000000000000000,1003925062375072809130,1011068691227432742322,1019482428063404101832,1023886347803808447356,-2
20031359,2024-06-06 03:41:11,1000000000000000000000,1003881754868209849274,1010918605380980620121,1019303156718186138910,1023553892498696581673,-2
20036359,2024-06-06 20:26:35,1000000000000000000000,1003819499231372830808,1010774699985178567269,1019140825436101028324,1023228489993054587165,-2
20041359,2024-06-07 13:11:35,1000000000000000000000,1003697286044079779202,1010628110798496810693,1018976882558103732863,1022900060220229215147,-2
20046359,2024-06-08 05:56:47,1000000000000000000000,1003574351821569739975,1010480895714447521431,1018812614252340334002,1022570940779470975541,-2
20051359,2024-06-08 22:43:23,1000000000000000000000,1003457590848856630212,1010341485122341240327,1018657157205184881925,1022249436690653668197,-2
20056359,2024-06-09 15:28:59,1000000000000000000000,1003344711191106219570,1010207268177666779696,1018443313588937699354,1021933764659455661214,-2
20061359,2024-06-10 08:13:59,1000000000000000000000,1003240625443402913668,1010081350365908857568,1018131515014544413195,1021627601951085908675,-2
20066359,2024-06-11 01:00:23,1000000000000000000000,1003140803896891567472,1009959137612812068191,1017825052501465496660,1021326410352130810195,-2
20071359,2024-06-11 17:46:11,1000000000000000000000,1003044827506391962209,1009799475235150679064,1017523702349861622974,1021029873144805010134,-2
20076359,2024-06-12 10:31:11,1000000000000000000000,1002952378913187353275,1009566235504470450019,1017227652625826353186,1020738477484824487963,-2
20081359,2024-06-13 03:17:23,1000000000000000000000,1002862178858327615191,1009336912696735291941,1016936937048438930694,1020450925199167798840,-2
20086359,2024-06-13 20:06:47,1000000000000000000000,1002763009438765029523,1009127778741367903566,1016668170112888498472,1020183595103720405910,-2
20091359,2024-06-14 12:52:11,1000000000000000000000,1002661487876100760603,1008981499112897905003,1016463459416740441533,1019984329749996758621,-2
20096359,2024-06-15 05:40:47,1000000000000000000000,1002560793823460397517,1008834995052828887750,1016258933670628931186,1019787276168286586722,-2
20101359,2024-06-15 22:27:23,1000000000000000000000,1002461004269108751988,1008689950490667634970,1016055932270403889852,1019591818777180957193,-2
20106359,2024-06-16 15:11:35,1000000000000000000000,1002363284360880816582,1008545757670681933109,1015853630556019474366,1019397805110237286845,-2
20111359,2024-06-17 07:58:59,1000000000000000000000,1002266097012726356534,1008402159301669478812,1015649123871347495470,1019204050293399319912,-2
20116359,2024-06-18 00:46:47,1000000000000000000000,1002169995566730882897,1008259438630324159470,1015446076684860018023,1019011501094270933954,-2
20121359,2024-06-18 17:35:59,1000000000000000000000,1002073751381510760434,1008127937394668069732,1015243464436071142739,1018819335526192082932,-2
20126359,2024-06-19 10:23:47,1000000000000000000000,1001977715786299878799,1008020503296773823563,1015042584724217513646,1018628860781628694432,-2
20131359,2024-06-20 03:10:11,1000000000000000000000,1001883504878150709597,1007914813059222618703,1014844691971639969319,1018440003079529571395,-2
20136359,2024-06-20 19:57:23,1000000000000000000000,1001804183221231386866,1007829456421172965064,1014670934759404844796,1018272901881732515769,-2
20141359,2024-06-21 12:41:59,1000000000000000000000,1001781114552292623187,1007817425489544963690,1014572761106702207607,1018196010875520701747,-2
20146359,2024-06-22 05:29:47,1000000000000000000000,1001757193334348062520,1007805544481951765848,1014474760533734333076,1018127012347276441512,-2
20151359,2024-06-22 22:16:47,1000000000000000000000,1001733108237163561353,1007793850056746432275,1014377548715340797167,1018058760487887501679,-2
20156359,2024-06-23 15:04:47,1000000000000000000000,1001708164402446467384,1007780625703382513385,1014279698633998116061,1017989748295687386809,-2
20161359,2024-06-24 07:51:47,1000000000000000000000,1001683576578259466501,1007767409676443847410,1014179077636185890858,1017920260271610812704,-2
20166359,2024-06-25 00:37:47,1000000000000000000000,1001658440004834389535,1007755284302010714046,1014077634271116649388,1017850451317333687913,-2
20171359,2024-06-25 17:23:47,1000000000000000000000,1001633318080103583016,1007750575069302472452,1013976791312329084918,1017781108953657092483,-2
20176359,2024-06-26 10:07:35,1000000000000000000000,1001609868220615301112,1007773846251149958849,1013877681765674453432,1017714377497182741325,-2
20181359,2024-06-27 02:53:35,1000000000000000000000,1001586299209342254834,1007797342451600466536,1013778430808499736799,1017647671747001012849,-2
20186359,2024-06-27 19:38:47,1000000000000000000000,1001593407745037118623,1007826034922146998698,1013684192301177128152,1017588493494035677693,-2
20191359,2024-06-28 12:24:23,1000000000000000000000,1001693557100460012043,1007872813998296456839,1013607976373683791823,1017600356483537239806,-2
20196359,2024-06-29 05:10:23,1000000000000000000000,1001795101312204554688,1007919961486904505459,1013519183750228471097,1017642699763587136739,-2
20201359,2024-06-29 21:56:11,1000000000000000000000,1001896316468953500232,1007968164101680944401,1013444072881073533272,1017684582788150038967,-2
20206359,2024-06-30 14:41:47,1000000000000000000000,1001997948928431315519,1008017990093548866687,1013363229049154149510,1017726680402787254496,-2
20211359,2024-07-01 07:25:59,1000000000000000000000,1002100040978866639740,1008067511121708197199,1013286831404758045427,1017768337496636403419,-2
20216359,2024-07-02 00:10:35,1000000000000000000000,1002202001591806220029,1008117687058733505865,1013210535710963466832,1017809115324707159934,-2
20221359,2024-07-02 16:57:47,1000000000000000000000,1002304218892956976601,1008172684106620165571,1013134745883406817470,1017850169960781643574,-2
20226359,2024-07-03 09:44:23,1000000000000000000000,1002405348533230668348,1008241476936721147405,1013058940246483733838,1017889168062796965921,-2
20231359,2024-07-04 02:28:23,1000000000000000000000,1002505699945787604473,1008310830432358051675,1012983307927015404877,1017925596117977171421,-2
20236359,2024-07-04 19:15:11,1000000000000000000000,1002559897827851085631,1008361461309226741200,1012889957090177870739,1017941241693434937332,-2
20241359,2024-07-05 12:00:11,1000000000000000000000,1002439244401175188786,1008328400768172247203,1012712882383374704849,1017870521565835629900,-2
20246359,2024-07-06 04:44:47,1000000000000000000000,1002317487623894614458,1008298308144686285767,1012534763197870852276,1017793742774292882844,-2
20251359,2024-07-06 21:29:11,1000000000000000000000,1002196412910896478148,1008280483054956224366,1012356752863007738732,1017716361862589857502,-2
20256359,2024-07-07 14:15:11,1000000000000000000000,1002074918365852110218,1008264134669517390534,1012178526769656934846,1017637248145837364796,-2
20261359,2024-07-08 07:01:47,1000000000000000000000,1001952514574955544796,1008248156212545163077,1012000131271342311327,1017557435548213132085,-2
20266359,2024-07-08 23:49:23,1000000000000000000000,1001830042580759057015,1008233151027936854559,1011821437721645882643,1017477102634380090888,-2
20271359,2024-07-09 16:35:35,1000000000000000000000,1001707757756480663660,1008189701704175900908,1011643615718784937032,1017397597037760908707,-2
20276359,2024-07-10 09:20:23,1000000000000000000000,1001585866849163882274,1008006486673525843512,1011466487507851965342,1017317645219150876101,-2
20281359,2024-07-11 02:05:59,1000000000000000000000,1001465025330056869780,1007824255663310087489,1011290039318022953647,1017236736349312361661,-2
20286359,2024-07-11 18:50:23,1000000000000000000000,1001369326445218931905,1007661426456349848110,1011132476889159668646,1017173990676896548601,-2
20291359,2024-07-12 11:36:23,1000000000000000000000,1001401689512709014813,1007600847325901722882,1011077360864614739297,1017210603892595266255,-2
20296359,2024-07-13 04:21:59,1000000000000000000000,1001434169695897578340,1007541068317224545439,1011022189969584493394,1017217052125075159817,-2
20301359,2024-07-13 21:08:11,1000000000000000000000,1001465694365731839877,1007483625241871389214,1010966824473704176720,1017223410041295994571,-2
20306359,2024-07-14 13:52:59,1000000000000000000000,1001497338506636383347,1007426773328017687435,1010914759736336529483,1017229508621878408747,-2
20311359,2024-07-15 06:37:35,1000000000000000000000,1001530033565223826518,1007370132117382762921,1010865971208665851651,1017235740886493320522,-2
20316359,2024-07-15 23:23:35,1000000000000000000000,1001562983430315574962,1007313673822356763607,1010817537963834794827,1017241331609717640998,-2
20321359,2024-07-16 16:07:35,1000000000000000000000,1001595223108272048753,1007257686939757544561,1010769557241625065616,1017245744745213321374,-2
20326359,2024-07-17 08:50:35,1000000000000000000000,1001627721523231935549,1007198434323205836169,1010721622216865076525,1017248411274209235023,-2
20331359,2024-07-18 01:36:11,1000000000000000000000,1001661011320996435960,1007139607398020837568,1010673591772467867395,1017249933676953297192,-2
20336359,2024-07-18 18:21:35,1000000000000000000000,1001694138103694432930,1007077050449198848170,1010621917166925633012,1017247113223262565577,-2
20341359,2024-07-19 11:04:59,1000000000000000000000,1001727558113476630722,1006984744459114423378,1010540325908746865812,1017236543120309097466,-2
20346359,2024-07-20 03:49:47,1000000000000000000000,1001761947746194249155,1006893259727154819419,1010458979626157208623,1017274735046150441277,-2
20351359,2024-07-20 20:34:59,1000000000000000000000,1001797248874623133999,1006805684497036993414,1010378389700971994990,1017312836552080202178,-2
20356359,2024-07-21 13:19:23,1000000000000000000000,1001832898778695656069,1006720096072004938125,1010309255763180033019,1017340327348146813165,-2
20361359,2024-07-22 06:05:11,1000000000000000000000,1001867816812983437492,1006634599047024715757,1010252773521710755179,1017364121173063539332,-2
20366359,2024-07-22 22:50:59,1000000000000000000000,1001902980584767764386,1006549682484879308074,1010196698145416385774,1017384213867498036913,-2
20371359,2024-07-23 15:35:23,1000000000000000000000,1001940698052349844480,1006465664893439832758,1010141385077716550003,1017404373127824406550,-2
20376359,2024-07-24 08:19:23,1000000000000000000000,1001978340012884165798,1006379872734014476529,1010085904893522837779,1017422441576838571912,-2
20381359,2024-07-25 01:05:35,1000000000000000000000,1002015674472483011666,1006291674254087077622,1010029263557503601131,1017434699498961391641,-2
20386359,2024-07-25 17:50:59,1000000000000000000000,1002054021405875525792,1006202814057117688649,1009971649243511837456,1017444351762882897525,-2
20391359,2024-07-26 10:36:11,1000000000000000000000,1002075809523234594898,1006081236731015549654,1009881924456118619912,1017435121401405544320,-2
20396359,2024-07-27 03:22:35,1000000000000000000000,1002097697824293742345,1005959181357633114663,1009792030197766197382,1017450116714556256126,-2
20401359,2024-07-27 20:07:35,1000000000000000000000,1002118629667824914755,1005837037239028103270,1009703386342023708797,1017463688126368980625,-2
20406359,2024-07-28 12:51:35,1000000000000000000000,1002139312508646920270,1005714818769356244529,1009652714222313031801,1017476606902695865919,-2
20411359,2024-07-29 05:35:59,1000000000000000000000,1002162492640360314380,1005579628717766554699,1009647530030190475939,1017488416783466504047,-2
20416359,2024-07-29 22:19:47,1000000000000000000000,1002197944132585127220,1005457272672293440230,1009641064208781190071,1017499443392503014329,-2
20421359,2024-07-30 15:08:47,1000000000000000000000,1002233965406464923127,1005329629498029190867,1009633049111080488036,1017500618337666038708,-2
20426359,2024-07-31 07:52:35,1000000000000000000000,1002271160099206855170,1005202718252674091091,1009624904405236833635,1017499305635442604242,-2
20431359,2024-08-01 00:38:35,1000000000000000000000,1002308361433143848100,1005077029894179439843,1009615301593314505584,1017496495607416944529,-2
20436359,2024-08-01 17:23:23,1000000000000000000000,1002336383433021886795,1004950708953485815495,1009604658881579880751,1017489994466030549548,-2
20441359,2024-08-02 10:08:47,1000000000000000000000,1002187066116859568659,1004806768435027630815,1009575123446122933301,1017472335174763966973,-2
20446359,2024-08-03 02:55:59,1000000000000000000000,1002037347049684983308,1004662506196585149073,1009542274026905074287,1017465790483211386732,-2
20451359,2024-08-03 19:39:59,1000000000000000000000,1001888744225310196692,1004519491556602779267,1009508061532541166552,1017459256400191912413,-2
20456359,2024-08-04 12:22:59,1000000000000000000000,1001740985947799382748,1004376979721649592273,1009471408085153613704,1017452699350217465732,-2
20461359,2024-08-05 05:05:59,1000000000000000000000,1001591580993874135315,1004232676503562915281,1009428348971044505274,1017443080058831425159,-2
20466359,2024-08-05 21:50:59,1000000000000000000000,1001432150219620037159,1004074748938215889874,1009370724313815996505,1017418709329872081342,-2
20471359,2024-08-06 14:36:11,1000000000000000000000,1001270613644931354404,1003914444198738453472,1009308820848805317515,1017390476946634663717,-2
20476359,2024-08-07 07:20:47,1000000000000000000000,1001108059065903943499,1003753561889304163484,1009245809467705045961,1017360374261553521712,-2
20481359,2024-08-08 00:04:35,1000000000000000000000,1000944785644158412498,1003591609127398867796,1009181591616016404679,1017328253699486564868,-2
20486359,2024-08-08 16:48:11,1000000000000000000000,1000781037175046504431,1003428865635807736545,1009116421782124596987,1017293810047067264393,-2
20491359,2024-08-09 09:31:35,1000000000000000000000,1000778031369857739455,1003431181033378070720,1009216515667985977713,1017426827687431632025,-2
20496359,2024-08-10 02:16:11,1000000000000000000000,1000779673772332009242,1003437608548489643075,1009319124007602889586,1017565763414183843290,-2
20501359,2024-08-10 19:00:11,1000000000000000000000,1000780997893792730600,1003443572112883100407,1009420421350350158074,1017700856587990637025,-2
20506359,2024-08-11 11:47:23,1000000000000000000000,1000781789860666855230,1003449216654116689396,1009518767758464497455,1017834108649747224091,-2
20511359,2024-08-12 04:31:47,1000000000000000000000,1000782991245477864867,1003454670580439664935,1009590921688089624583,1017966340477189554410,-2
20516359,2024-08-12 21:15:59,1000000000000000000000,1000784605517898633718,1003456930500177894269,1009654800911587355199,1018094502603275703051,-2
20521359,2024-08-13 14:01:11,1000000000000000000000,1000787328483243120223,1003460665443356961775,1009717709465085199468,1018217430741870992707,-2
20526359,2024-08-14 06:45:23,1000000000000000000000,1000791264405698185877,1003468643538844156253,1009780983304064603769,1018337355527981195358,-2
20531359,2024-08-14 23:31:11,1000000000000000000000,1000795737282473736405,1003476764524669016421,1009843222570323264716,1018455497243011321392,-2
20536359,2024-08-15 16:17:23,1000000000000000000000,1000799821331139747983,1003484655639985794672,1009903739143753001541,1018570055555537791495,-2
20541359,2024-08-16 09:01:47,1000000000000000000000,1000805878453249548741,1003495852052107139386,1009965832839751806420,1018768119091366976913,-2
20546359,2024-08-17 01:48:59,1000000000000000000000,1000809749819081758166,1003506656718398276966,1010026619235005569299,1019124601826129488136,-2
20551359,2024-08-17 18:34:47,1000000000000000000000,1000813936924952653319,1003517603464604938126,1010086742684041539577,1019476009659810966603,-2
20556359,2024-08-18 11:17:59,1000000000000000000000,1000818240420065407810,1003528727932173475109,1010154110837461664004,1019823231314448037953,-2
20561359,2024-08-19 04:03:47,1000000000000000000000,1000822596006799716658,1003539709078583045518,1010285040050285121977,1020163679604032622134,-2
20566359,2024-08-19 20:49:23,1000000000000000000000,1000823495749275052945,1003547101046319511138,1010411169686496895341,1020493628736092755298,-2
20571359,2024-08-20 13:34:59,1000000000000000000000,1000823126485667087514,1003559363461696570816,1010527219828467575423,1020812909361693639637,-2
20576359,2024-08-21 06:20:11,1000000000000000000000,1000808527983191884668,1003588513648937071557,1010637393858234707281,1021119241731772623568,-2
20581359,2024-08-21 23:06:59,1000000000000000000000,1000806210361838545704,1003617515100056044939,1010743138091835942445,1021413816797124811273,-2
20586359,2024-08-22 15:53:11,1000000000000000000000,1000800774242822032553,1003646415567799873238,1010847681377450134174,1021699244175068043000,-2
20591359,2024-08-23 08:40:35,1000000000000000000000,1000796244514376003736,1003676116631811703561,1010951876723078210091,1021979416621215743704,-2
20596359,2024-08-24 01:25:59,1000000000000000000000,1000796255933032192354,1003707776661235970019,1011053578809699707326,1022268065752194780568,-2
20601359,2024-08-24 18:12:11,1000000000000000000000,1000795827817083890348,1003739371434621613633,1011152470234873176584,1022546556373265597467,-2
20606359,2024-08-25 10:59:59,1000000000000000000000,1000795170992829350528,1003771332487792973034,1011257637425644327985,1022821982401733120244,-2
20611359,2024-08-26 03:45:11,1000000000000000000000,1000794656146408262762,1003803635368587871617,1011395569742234058954,1023094040493934484678,-2
20616359,2024-08-26 20:31:35,1000000000000000000000,1000794640787286488176,1003836411805379814202,1011531990133158782945,1023362619050628909156,-2
20621359,2024-08-27 13:17:11,1000000000000000000000,1000794724013901025380,1003892147895273365002,1011667988698151035423,1023628803011815639575,-2
20626359,2024-08-28 06:02:35,1000000000000000000000,1000807781941322211688,1004021686838399700643,1011815895275512921846,1023895873155402867375,-2
20631359,2024-08-28 22:47:11,1000000000000000000000,1000807402164791374686,1004138127657162354365,1011950225832618399726,1024144188540201173516,-2
20636359,2024-08-29 15:34:35,1000000000000000000000,1000809612993737143504,1004256688255783563320,1012080917139388198805,1024393022729594268855,-2
20641359,2024-08-30 08:21:23,1000000000000000000000,1000813137387179526807,1004376122349735198590,1012208223700231314786,1024678450698141104673,-2
20646359,2024-08-31 01:07:23,1000000000000000000000,1000813754165644938164,1004492236621386446178,1012331822904011674191,1025054828489969068999,-2
20651359,2024-08-31 17:52:47,1000000000000000000000,1000814479164669759557,1004607831081240334343,1012453235478366575435,1025406933317403774022,-2
20656359,2024-09-01 10:36:59,1000000000000000000000,1000815392780996348832,1004722824388858006472,1012576945067697437654,1025750883446076142937,-2
20661359,2024-09-02 03:21:47,1000000000000000000000,1000816095248353459308,1004834978374378596064,1012716228542979015656,1026089494715233591227,-2
20666359,2024-09-02 20:06:23,1000000000000000000000,1000816041070473384077,1004944329172319024914,1012853895264203141307,1026424918771502400023,-2
20671359,2024-09-03 12:51:11,1000000000000000000000,1000816048291658822843,1005050997053961494813,1012991329229768510083,1026750596703894368714,-2
20676359,2024-09-04 05:35:59,1000000000000000000000,1000815719086366735352,1005153696177911509533,1013127490176301643221,1027052743456299903949,-2
20681359,2024-09-04 22:19:35,1000000000000000000000,1000816066211519110994,1005254445659863649763,1013262838298757387423,1027355267983728239449,-2
20686359,2024-09-05 15:04:35,1000000000000000000000,1000817288313571072845,1005353663776417542184,1013396719887412680939,1027656581597972936450,-2
20691359,2024-09-06 07:49:23,1000000000000000000000,1000823271356782217208,1005452160676335224517,1013529426712893889980,1027965775891756483652,-2
20696359,2024-09-07 00:33:59,1000000000000000000000,1000829615712181181621,1005550430335366177572,1013661158166325374808,1028292939259875091200,-2
20701359,2024-09-07 17:16:47,1000000000000000000000,1000836126007932904336,1005648636906365678008,1013791804990776747016,1028617797799462422299,-2
20706359,2024-09-08 10:02:23,1000000000000000000000,1000842145255464391884,1005746098213358994333,1013920898659236591874,1028940545476888513803,-2
20711359,2024-09-09 02:46:59,1000000000000000000000,1000848183284729953317,1005842176331032128790,1014053779803773407033,1029259555045341869541,-2
20716359,2024-09-09 19:32:23,1000000000000000000000,1000854479584771213162,1005937326814310312937,1014182728078031208282,1029562455132868980783,-2
20721359,2024-09-10 12:19:59,1000000000000000000000,1000860665603581936337,1006029761216807717844,1014310023161909989950,1029861151930933015118,-2
20726359,2024-09-11 05:04:35,1000000000000000000000,1000867207263250262193,1006102903537416501242,1014436596651037757364,1030158910382092027348,-2
20731359,2024-09-11 21:49:59,1000000000000000000000,1000873795340979205673,1006164325502886590281,1014562249106996186641,1030455817591798654904,-2
20736359,2024-09-12 14:35:47,1000000000000000000000,1000883173426724178342,1006224589036111270063,1014683456605618857874,1030747457896691333949,-2
20741359,2024-09-13 07:20:35,1000000000000000000000,1000908184970026385415,1006279711558682565175,1014795312461779655083,1031041700338298304384,-2
20746359,2024-09-14 00:06:35,1000000000000000000000,1000933332569714088060,1006333689869060455743,1014905057043018412931,1031369175550345656292,-2
20751359,2024-09-14 16:53:47,1000000000000000000000,1000958368449321734413,1006386312602365318722,1015012027084084651700,1031695065452726676081,-2
20756359,2024-09-15 09:37:23,1000000000000000000000,1000983282003311685037,1006437498432687155968,1015149689094435187695,1032019271598429591647,-2
20761359,2024-09-16 02:21:11,1000000000000000000000,1001007934566164635801,1006487260161837453566,1015494738981345752512,1032343368044947222165,-2
20766359,2024-09-16 19:08:23,1000000000000000000000,1001032559456739986620,1006536370003983413278,1015834939416162641474,1032665578592673043529,-2
20771359,2024-09-17 11:55:35,1000000000000000000000,1001057684401247619226,1006577230114530044623,1016170512585558296379,1032984912960989789452,-2
20776359,2024-09-18 04:43:11,1000000000000000000000,1001083153085501800217,1006697869195341075746,1016500094709547205228,1033302792424465195823,-2
20781359,2024-09-18 21:28:59,1000000000000000000000,1001109074545550570465,1006816128605438547260,1016823119382309517316,1033619860892746207877,-2
20786359,2024-09-19 14:13:59,1000000000000000000000,1001147303330512087915,1006926944998630487895,1017135571737611265358,1033935397442025027183,-2
20791359,2024-09-20 06:59:59,1000000000000000000000,1001232600889835944566,1007007642984232811885,1017414330789627587342,1034193006467737098328,-2
20796359,2024-09-20 23:45:35,1000000000000000000000,1001317625645463316676,1007085072819150791278,1017680084049372272865,1034306466726665867455,-2
20801359,2024-09-21 16:32:11,1000000000000000000000,1001401995015544520376,1007159975252749777613,1017936795359729767617,1034420937625803233774,-2
20806359,2024-09-22 09:16:59,1000000000000000000000,1001486608842425067303,1007234982057524689707,1018184619443656041814,1034536129186168644404,-2
20811359,2024-09-23 02:00:47,1000000000000000000000,1001570934433111318304,1007305029235707800402,1018441944886646658564,-2,-2
20816359,2024-09-23 18:46:47,1000000000000000000000,1001654293541014277631,1007372034416182846316,1018688330211688440200,-2,-2
20821359,2024-09-24 11:29:23,1000000000000000000000,1001737013461467826871,1007437177194293993026,1018931073812047474123,-2,-2
20826359,2024-09-25 04:14:11,1000000000000000000000,1001816362611721195917,1007542161705937782348,1019169900427153497565,-2,-2
20831359,2024-09-25 20:59:59,1000000000000000000000,1001893205340914860314,1007646094305012182357,1019405255967082391923,-2,-2
20836359,2024-09-26 13:42:59,1000000000000000000000,1001960338430420855381,1007741773015505286493,1019631268956466601893,-2,-2
20841359,2024-09-27 06:27:35,1000000000000000000000,1001947584219655337002,1007759751699895769099,1019768790591401343070,-2,-2
20846359,2024-09-27 23:10:47,1000000000000000000000,1001931442644701954968,1007776634839523879038,1019898250158771072211,-2,-2
20851359,2024-09-28 15:55:35,1000000000000000000000,1001914328564885545038,1007789668781713114594,1020024255449910676538,-2,-2
20856359,2024-09-29 08:40:47,1000000000000000000000,1001896697136903258194,1007796830584317894211,1020161405342772024226,-2,-2
20861359,2024-09-30 01:25:23,1000000000000000000000,1001879281103126010725,1007803059868476949786,1020422046680044399126,-2,-2
20866359,2024-09-30 18:07:59,1000000000000000000000,1001862458149860015817,1007808534514123469145,1020658062964148514285,-2,-2
20871359,2024-10-01 10:52:11,1000000000000000000000,1001845682290050580923,1007811885937089858344,1020884377474298981735,-2,-2
20876359,2024-10-02 03:36:23,1000000000000000000000,1001829801363844753765,1007837863343414918249,1021107716861139742532,-2,-2
20881359,2024-10-02 20:19:47,1000000000000000000000,1001815159510984405127,1007865020016911994502,1021330235764795309961,-2,-2
20886359,2024-10-03 13:04:59,1000000000000000000000,1001800646280581436805,1007894451077900500180,1021551515946481990242,-2,-2
20891359,2024-10-04 05:47:59,1000000000000000000000,1001773498086165691010,1007925914068996270033,1021747370067476664559,-2,-2
20896359,2024-10-04 22:31:23,1000000000000000000000,1001734580211399270167,1007959936162710745460,1021945404458077298742,-2,-2
20901359,2024-10-05 15:14:23,1000000000000000000000,1001696142992978944492,1007993639516755424578,1022144478253153481939,-2,-2
20906359,2024-10-06 07:57:59,1000000000000000000000,1001659043700624531841,1008026938592281841199,1022342990245526792989,-2,-2
20911359,2024-10-07 00:42:23,1000000000000000000000,1001620956896712669586,1008059324326929627676,1022572106082069604926,-2,-2
20916359,2024-10-07 17:25:23,1000000000000000000000,1001582415959902429050,1008091254198680786130,1022795531403329260762,-2,-2
20921359,2024-10-08 10:08:35,1000000000000000000000,1001542191606490366123,1008121124201587574974,1023017761402693306586,-2,-2
20926359,2024-10-09 02:51:59,1000000000000000000000,1001501938667184483427,1008156731729666628395,1023237579992813850743,-2,-2
20931359,2024-10-09 19:35:23,1000000000000000000000,1001462290023251780355,1008190259093539935038,1023445827325739150526,-2,-2
20936359,2024-10-10 12:18:47,1000000000000000000000,1001409036308384524940,1008224111502236634359,1023647906044411294161,-2,-2
20941359,2024-10-11 05:02:47,1000000000000000000000,1001455965690145198242,1008270510461299440767,1023863767607469921276,-2,-2
20946359,2024-10-11 21:50:35,1000000000000000000000,1001518969194660551832,1008333969285160366609,1024096331272528122348,-2,-2
20951359,2024-10-12 14:37:59,1000000000000000000000,1001578073837505471129,1008395273729474310262,1024325463396029492602,-2,-2
20956359,2024-10-13 07:29:35,1000000000000000000000,1001628357783669707140,1008451184882642771494,1024553024441549553759,-2,-2
20961359,2024-10-14 00:14:47,1000000000000000000000,1001677216938932466098,1008506696869019074223,1024824199525019329261,-2,-2
20966359,2024-10-14 17:02:11,1000000000000000000000,1001724250099742230054,1008560252468774606990,1025093886529346999961,-2,-2
20971359,2024-10-15 09:47:47,1000000000000000000000,1001772621257272898666,1008612162973895850332,1025364272494500420851,-2,-2
20976359,2024-10-16 02:33:47,1000000000000000000000,1001817919165449281505,1008890834561356422962,1025634938855420398692,-2,-2
20981359,2024-10-16 19:19:47,1000000000000000000000,1001860389581836971308,1009180702481149561787,1025905594199936336672,-2,-2
20986359,2024-10-17 12:04:11,1000000000000000000000,1001916138338180433777,1009479052788842845425,1026186704745848931530,-2,-2
20991359,2024-10-18 04:49:47,1000000000000000000000,1001928706105361641018,1009695794298975396096,1026388863008273228943,-2,-2
20996359,2024-10-18 21:34:11,1000000000000000000000,1001940185620772462776,1009899570447925396506,1026583448786131144685,-2,-2
21001359,2024-10-19 14:18:23,1000000000000000000000,1001954434822936085152,1010097781539137590820,1026781173181440578535,-2,-2
21006359,2024-10-20 07:01:35,1000000000000000000000,1001977194722230035760,1010296083961053315750,1026988529287060933797,-2,-2
21011359,2024-10-20 23:47:23,1000000000000000000000,1002001284080025366058,1010483552897900298230,1027022645342295987363,-2,-2
21016359,2024-10-21 16:30:47,1000000000000000000000,1002025202891048703552,1010665176134683595741,1027059595866373536238,-2,-2
21021359,2024-10-22 09:16:35,1000000000000000000000,1002042359478985697631,1010836552789154534200,1027097073338016875691,-2,-2
21026359,2024-10-23 02:01:23,1000000000000000000000,1002062326604919841922,1011019531524609834206,-2,-2,-2
21031359,2024-10-23 18:44:11,1000000000000000000000,1002084708678417075818,1011198504769849320891,-2,-2,-2
21036359,2024-10-24 11:29:23,1000000000000000000000,1002104473029965359317,1011372620895943317009,-2,-2,-2
21041359,2024-10-25 04:13:23,1000000000000000000000,1002112263293099116248,1011514398222294025685,-2,-2,-2
21046359,2024-10-25 20:56:47,1000000000000000000000,1002113056604661763801,1011644122528849855033,-2,-2,-2
21051359,2024-10-26 13:42:35,1000000000000000000000,1002114196774173627050,1011772883052771222783,-2,-2,-2
21056359,2024-10-27 06:26:47,1000000000000000000000,1002115345541469358837,1011894237591794458892,-2,-2,-2
21061359,2024-10-27 23:10:23,1000000000000000000000,1002116389359867757040,1012005966001530071649,-2,-2,-2
21066359,2024-10-28 15:56:23,1000000000000000000000,1002118235475350089686,1012117028261360516632,-2,-2,-2
21071359,2024-10-29 08:42:11,1000000000000000000000,1002126321534862105378,1012234883663792138754,-2,-2,-2
21076359,2024-10-30 01:25:35,1000000000000000000000,1002135078441492498152,1012471507604082069152,-2,-2,-2
21081359,2024-10-30 18:12:35,1000000000000000000000,1002143856295671212319,1012704668472171353527,-2,-2,-2
21086359,2024-10-31 10:56:47,1000000000000000000000,1002153262075928387534,1012927190676471914517,-2,-2,-2
21091359,2024-11-01 03:39:47,1000000000000000000000,1002150887050089203741,1013127671377503855796,-2,-2,-2
21096359,2024-11-01 20:24:23,1000000000000000000000,1002142957963166655330,1013321345908782577568,-2,-2,-2
21101359,2024-11-02 13:10:59,1000000000000000000000,1002133012253081616320,1013513961376652656288,-2,-2,-2
21106359,2024-11-03 04:56:35,1000000000000000000000,1002123026165891572071,1013680157140806283669,-2,-2,-2
21111359,2024-11-03 21:40:47,1000000000000000000000,1002113279824762017927,1013842471197038323979,-2,-2,-2
21116359,2024-11-04 14:25:11,1000000000000000000000,1002102450938404158934,1014005849668275887211,-2,-2,-2
21121359,2024-11-05 07:10:35,1000000000000000000000,1002088017504569101875,1014167158270919809411,-2,-2,-2
21126359,2024-11-05 23:55:35,1000000000000000000000,1002072943807126935800,1014358391379423740769,-2,-2,-2
21131359,2024-11-06 16:40:47,1000000000000000000000,1002056173179477813199,1014548527900115605780,-2,-2,-2
21136359,2024-11-07 09:25:47,1000000000000000000000,1002038182464932315505,1014738690654785150321,-2,-2,-2
21141359,2024-11-08 02:14:35,1000000000000000000000,1002211495615436310064,1014922384802912429066,-2,-2,-2
21146359,2024-11-08 18:58:23,1000000000000000000000,1002426217980943330554,1015098265996328626975,-2,-2,-2
21151359,2024-11-09 11:42:11,1000000000000000000000,1002638786631905888444,1015264760488366225805,-2,-2,-2
21156359,2024-11-10 04:26:11,1000000000000000000000,1002847237764749966747,1015431967949337663780,-2,-2,-2
21161359,2024-11-10 21:09:35,1000000000000000000000,1003050050845378222408,1015598376617305857999,-2,-2,-2
21166359,2024-11-11 13:54:23,1000000000000000000000,1003246232939762791348,1015764248205113474647,-2,-2,-2
21171359,2024-11-12 06:39:47,1000000000000000000000,1003438724437024106445,1015932451124163115344,-2,-2,-2
21176359,2024-11-12 23:23:59,1000000000000000000000,1003619988716667410548,1016137353272762216385,-2,-2,-2
21181359,2024-11-13 16:08:35,1000000000000000000000,1003794702467444221920,1016350699752446560481,-2,-2,-2
21186359,2024-11-14 08:53:59,1000000000000000000000,1003962417492271572146,1016565880452717248177,-2,-2,-2
21191359,2024-11-15 01:39:23,1000000000000000000000,1003958624510476673445,1016601546082997866617,-2,-2,-2
21196359,2024-11-15 18:25:23,1000000000000000000000,1003891253362113252284,1016577283492263651490,-2,-2,-2
21201359,2024-11-16 11:09:47,1000000000000000000000,1003822478354273264745,1016554718683867331005,-2,-2,-2
21206359,2024-11-17 03:53:59,1000000000000000000000,1003756374430097696245,1016535617756018870200,-2,-2,-2
21211359,2024-11-17 20:37:35,1000000000000000000000,1003693099755878934960,1016522088551635107384,-2,-2,-2
21216359,2024-11-18 13:20:59,1000000000000000000000,1003636929302755629742,1016516710943219253667,-2,-2,-2
21221359,2024-11-19 06:04:11,1000000000000000000000,1003582281751715008624,1016520228815390226012,-2,-2,-2
21226359,2024-11-19 22:47:35,1000000000000000000000,1003529545952902684481,1016397917754073600113,-2,-2,-2
21231359,2024-11-20 15:33:35,1000000000000000000000,1003482500349806383319,1016249472796908881922,-2,-2,-2
21236359,2024-11-21 08:19:23,1000000000000000000000,1003444650295250457268,1016112073850435000640,-2,-2,-2
21241359,2024-11-22 01:03:35,1000000000000000000000,1003503983246255676056,1015973098752101641336,-2,-2,-2
21246359,2024-11-22 17:49:23,1000000000000000000000,1003580991147102455873,-2,-2,-2,-2
21251359,2024-11-23 10:33:11,1000000000000000000000,1003649284237250833439,-2,-2,-2,-2
21256359,2024-11-24 03:17:35,1000000000000000000000,1003713486047358957499,-2,-2,-2,-2
21261359,2024-11-24 20:02:59,1000000000000000000000,1003776955555517494473,-2,-2,-2,-2
21266359,2024-11-25 12:48:11,1000000000000000000000,1003841001150764208518,-2,-2,-2,-2
21271359,2024-11-26 05:34:59,1000000000000000000000,1003887786351495109963,-2,-2,-2,-2
21276359,2024-11-26 22:19:35,1000000000000000000000,1003937166413848213405,-2,-2,-2,-2
21281359,2024-11-27 15:05:47,1000000000000000000000,1003990534706468282422,-2,-2,-2,-2
21286359,2024-11-28 08:00:47,1000000000000000000000,1004041203614033170824,-2,-2,-2,-2
21291359,2024-11-29 00:47:11,1000000000000000000000,1004028474472130994248,-2,-2,-2,-2
21296359,2024-11-29 17:35:47,1000000000000000000000,1003989051139963956451,-2,-2,-2,-2
21301359,2024-11-30 10:22:23,1000000000000000000000,1003964651363243629178,-2,-2,-2,-2
21306359,2024-12-01 03:06:59,1000000000000000000000,1003944621876783059766,-2,-2,-2,-2
21311359,2024-12-01 19:50:59,1000000000000000000000,1003920694448356682306,-2,-2,-2,-2
21316359,2024-12-02 12:37:23,1000000000000000000000,1003884112539467183881,-2,-2,-2,-2
21321359,2024-12-03 05:23:59,1000000000000000000000,1003869010102530459841,-2,-2,-2,-2
21326359,2024-12-03 22:09:59,1000000000000000000000,1003863342267182600623,-2,-2,-2,-2
21331359,2024-12-04 14:55:11,1000000000000000000000,1003855250182062527690,-2,-2,-2,-2
21336359,2024-12-05 07:41:11,1000000000000000000000,1003847117358204646719,-2,-2,-2,-2
21341359,2024-12-06 00:26:59,1000000000000000000000,1003845924524997304218,-2,-2,-2,-2
21346359,2024-12-06 17:11:59,1000000000000000000000,1003851870073974948947,-2,-2,-2,-2
21351359,2024-12-07 09:58:23,1000000000000000000000,1003858253384726601907,-2,-2,-2,-2
21356359,2024-12-08 02:44:35,1000000000000000000000,1003865239294295936219,-2,-2,-2,-2
21361359,2024-12-08 19:28:35,1000000000000000000000,1003879432657451234461,-2,-2,-2,-2
21366359,2024-12-09 12:12:23,1000000000000000000000,1003906089755782547204,-2,-2,-2,-2
21371359,2024-12-10 04:58:11,1000000000000000000000,1003931229343142869914,-2,-2,-2,-2
21376359,2024-12-10 21:42:59,1000000000000000000000,1003956885157647776337,-2,-2,-2,-2
21381359,2024-12-11 14:30:11,1000000000000000000000,1003983342262392749797,-2,-2,-2,-2
21386359,2024-12-12 07:14:59,1000000000000000000000,1004013872667187780278,-2,-2,-2,-2
21391359,2024-12-12 23:59:59,1000000000000000000000,1003902036992405436508,-2,-2,-2,-2
21396359,2024-12-13 16:44:59,1000000000000000000000,1003719989699064994118,-2,-2,-2,-2
21401359,2024-12-14 09:29:59,1000000000000000000000,1003540041923895997748,-2,-2,-2,-2
21406359,2024-12-15 02:13:59,1000000000000000000000,1003362335892128717962,-2,-2,-2,-2
21411359,2024-12-15 19:00:35,1000000000000000000000,-2,-2,-2,-2,-2
21416359,2024-12-16 11:45:11,1000000000000000000000,-2,-2,-2,-2,-2
21421359,2024-12-17 04:28:23,1000000000000000000000,-2,-2,-2,-2,-2
21426359,2024-12-17 21:13:11,1000000000000000000000,-2,-2,-2,-2,-2
21431359,2024-12-18 13:59:47,1000000000000000000000,-2,-2,-2,-2,-2
21436359,2024-12-19 06:46:47,1000000000000000000000,-2,-2,-2,-2,-2
21441359,2024-12-19 23:30:59,1000000000000000000000,-2,-2,-2,-2,-2
21446359,2024-12-20 16:16:23,1000000000000000000000,-2,-2,-2,-2,-2
21451359,2024-12-21 09:03:59,1000000000000000000000,-2,-2,-2,-2,-2
21456359,2024-12-22 01:51:11,1000000000000000000000,-2,-2,-2,-2,-2
21456359,2024-12-22 01:51:11,1000000000000000000000,1002131746146482857247,1008187589711080415694,-2,-2,-2
21461359,2024-12-22 18:37:11,1000000000000000000000,1002096677207898974096,1008112657803638735132,-2,-2,-2
21466359,2024-12-23 11:24:59,1000000000000000000000,1002061577023331332793,1008036812397055539792,-2,-2,-2
21471359,2024-12-24 04:12:35,1000000000000000000000,1002026392588190880319,1007955407346133966960,-2,-2,-2
21476359,2024-12-24 20:59:47,1000000000000000000000,1001992546856201761906,1007909586275586398948,-2,-2,-2
21481359,2024-12-25 13:44:59,1000000000000000000000,1001959211986362647441,1007914124726587502387,-2,-2,-2
21486359,2024-12-26 06:31:59,1000000000000000000000,1001923577098216765753,1007916898325186686809,-2,-2,-2
21491359,2024-12-26 23:17:47,1000000000000000000000,1001904150906130168470,-2,-2,-2,-2
21496359,2024-12-27 16:03:11,1000000000000000000000,1001892161081738676889,-2,-2,-2,-2
21501359,2024-12-28 08:47:59,1000000000000000000000,1001880347528730585299,-2,-2,-2,-2
21506359,2024-12-29 01:32:59,1000000000000000000000,1001868061449785943372,-2,-2,-2,-2
21511359,2024-12-29 18:17:35,1000000000000000000000,1001855618019970303752,-2,-2,-2,-2
21516359,2024-12-30 11:02:59,1000000000000000000000,1001842297924079634561,-2,-2,-2,-2
21521359,2024-12-31 03:47:23,1000000000000000000000,1001828086396913781773,-2,-2,-2,-2
21526359,2024-12-31 20:33:59,1000000000000000000000,1001813412513110920530,-2,-2,-2,-2
21531359,2025-01-01 13:18:47,1000000000000000000000,1001799126553824466908,-2,-2,-2,-2
21536359,2025-01-02 06:03:11,1000000000000000000000,1001785676736338465740,-2,-2,-2,-2
21541359,2025-01-02 22:46:47,1000000000000000000000,1001792995742914317855,-2,-2,-2,-2
21546359,2025-01-03 15:31:35,1000000000000000000000,1001817425625563013812,-2,-2,-2,-2
21551359,2025-01-04 08:17:47,1000000000000000000000,1001841067453808375786,-2,-2,-2,-2
21556359,2025-01-05 01:01:59,1000000000000000000000,1001864885455027029042,-2,-2,-2,-2
21561359,2025-01-05 17:49:11,1000000000000000000000,1001888665421562417336,-2,-2,-2,-2
21566359,2025-01-06 10:36:59,1000000000000000000000,1001913202648168089584,-2,-2,-2,-2
21571359,2025-01-07 03:19:59,1000000000000000000000,1001940663102754583930,-2,-2,-2,-2
21576359,2025-01-07 20:05:35,1000000000000000000000,1001967201102877671040,-2,-2,-2,-2
21581359,2025-01-08 12:49:59,1000000000000000000000,1001992882671406579736,-2,-2,-2,-2
21586359,2025-01-09 05:34:47,1000000000000000000000,1002017763673364394355,-2,-2,-2,-2
21591359,2025-01-09 22:21:11,1000000000000000000000,1002027587237149447809,-2,-2,-2,-2
21596359,2025-01-10 15:06:59,1000000000000000000000,1001976876105955321858,-2,-2,-2,-2
21601359,2025-01-11 07:51:59,1000000000000000000000,1001926526922672409886,-2,-2,-2,-2
21606359,2025-01-12 00:36:47,1000000000000000000000,1001876011939711495201,-2,-2,-2,-2
21611359,2025-01-12 17:20:59,1000000000000000000000,1001825309549409469537,-2,-2,-2,-2
21616359,2025-01-13 10:08:35,1000000000000000000000,1001773538952164243164,-2,-2,-2,-2
21621359,2025-01-14 02:54:35,1000000000000000000000,1001720356105824215591,-2,-2,-2,-2
21626359,2025-01-14 19:39:47,1000000000000000000000,1001667243515152491048,-2,-2,-2,-2
21631359,2025-01-15 12:24:59,1000000000000000000000,1001614230626209895952,-2,-2,-2,-2
21636359,2025-01-16 05:10:23,1000000000000000000000,1001561244163152643991,-2,-2,-2,-2
21641359,2025-01-16 21:54:35,1000000000000000000000,1001524534339527344647,-2,-2,-2,-2
21646359,2025-01-17 14:39:47,1000000000000000000000,1001602482025256431187,-2,-2,-2,-2
21651359,2025-01-18 07:25:59,1000000000000000000000,1001681918337055249437,-2,-2,-2,-2
21656359,2025-01-19 00:11:23,1000000000000000000000,-2,-2,-2,-2,-2
21661359,2025-01-19 16:56:23,1000000000000000000000,-2,-2,-2,-2,-2
21666359,2025-01-20 09:40:11,1000000000000000000000,-2,-2,-2,-2,-2
21671359,2025-01-21 02:25:47,1000000000000000000000,-2,-2,-2,-2,-2
21676359,2025-01-21 19:10:47,1000000000000000000000,-2,-2,-2,-2,-2
21681359,2025-01-22 11:55:23,1000000000000000000000,-2,-2,-2,-2,-2
21686359,2025-01-23 04:41:11,1000000000000000000000,-2,-2,-2,-2,-2
21691359,2025-01-23 21:25:35,1000000000000000000000,-2,-2,-2,-2,-2
21696359,2025-01-24 14:09:35,1000000000000000000000,-2,-2,-2,-2,-2
21701359,2025-01-25 06:56:35,1000000000000000000000,-2,-2,-2,-2,-2
