Coin,Network,Address,Balance,Height
BTC,BTC,34xp4vRoCGJym3xR7yCVPFHoCNxv4Twseo,252597,762465
BTC,BTC,3LYJfcfHPXYJreMsASk2jkn69LWEYKzexb,125351,762465
BTC,BTC,3M219KR5vEneNb47ewrPfWyb5jQ2DjxRP6,61472,762465
BTC,BTC,bc1qm34lsc65zpw79lxes69zkqmk6ee3ewf0j77s3h,36447,762493
ETH,ETH,0xbe0eb53f46cd790cd13851d5eff43d12404d33e8,1996008,15934489
ETH,ETH,0xf977814e90da44bfa03b6295a0616a897441acec,1904674,15935584
ETH,ETH,0x5a52e96bacdabb82fd05763e25335261b270efcb,10000,15934492
ETH,ETH,0x28c6c06298d514db089934071355e5743bf21d60,616398,15935898
ETH,ETH,0x9696f59e4d72e237be84ffd425dcad154bf96976,82750,15935898
ETH,ETH,0x21a31ee1afc51d94c2efccaa2092ad1028285549,70901,15935898
ETH,ETH,0xdfd5293d8e347dfe59e90efd55b2956a1343963d,67302,15935898
ETH,ETH,0x56eddb7aa87536c09ccc2793473599fd21a8b17f,58592,15935898
ETH,ETH,0x4976a4a02f38326660d17bf34b431dc6e2eb2327,42545,15935898
USDC,ETH,0xa344c7aDA83113B3B56941F6e85bf2Eb425949f3,549565,15934499
USDC,ETH,0x28c6c06298d514db089934071355e5743bf21d60,309503197,15935895
USDC,ETH,0x21a31ee1afc51d94c2efccaa2092ad1028285549,115246732,15935875
USDC,ETH,0xdfd5293d8e347dfe59e90efd55b2956a1343963d,69926385,15935892
USDC,TRX,TV6MuMXfmLbBqPZvBHdwFsDnQeVfnmiuSi,106432612,45818787
USDT,ETH,0x47ac0Fb4F2D84898e4D9E7b4DaB3C24507a6D503,1250000115,15934495
USDT,ETH,0xf977814e90da44bfa03b6295a0616a897441acec,600000000,15934505
USDT,ETH,0xa344c7aDA83113B3B56941F6e85bf2Eb425949f3,526422,15934499
USDT,ETH,0x28c6c06298d514db089934071355e5743bf21d60,809939998,15935898
USDT,ETH,0x21a31ee1afc51d94c2efccaa2092ad1028285549,74178945,15935898
USDT,ETH,0x56eddb7aa87536c09ccc2793473599fd21a8b17f,61296558,15935898
USDT,ETH,0xdfd5293d8e347dfe59e90efd55b2956a1343963d,54695297,15935898
USDT,ETH,0x9696f59e4d72e237be84ffd425dcad154bf96976,49650585,15935898
USDT,ETH,0x4976a4a02f38326660d17bf34b431dc6e2eb2327,51261,15934488
USDT,TRX,TMuA6YqfCeX8EhbfYEg5y7S4DqzSJireY9,7000000109,45813062
USDT,TRX,TWd4WrZ9wn84f5x1hZhL4DHvk738ns5jwb,5751361898,45813071
USDT,TRX,TV6MuMXfmLbBqPZvBHdwFsDnQeVfnmiuSi,1507320720,45818805
USDT,TRX,TJDENsfBJs4RFETt1X1W8wMDc8M5XnJhCe,122016648,45818805
USDT,TRX,TAzsQ9Gx8eqFNFSKbeXrbi45CuVPHzA8wr,109925232,45818805
USDT,TRX,TQrY8tryqsYVCYS3MFbtffiPp2ccyn4STm,104906164,45818805
USDT,TRX,TNXoiAJ3dct8Fjg4M9fkLFh9S2v9TXc32G,84048608,45818805
USDT,TRX,TYASr5UV6HEcXatwdFQfmLVUqQQQMUxHLS,78960494,45818805
BUSD,ETH,0xf977814e90da44bfa03b6295a0616a897441acec,14596049087,15934505
BUSD,ETH,0x47ac0Fb4F2D84898e4D9E7b4DaB3C24507a6D503,5325500000,15934494
BUSD,ETH,0xbe0eb53f46cd790cd13851d5eff43d12404d33e8,1000000000,15934488
BUSD,ETH,0x5a52e96bacdabb82fd05763e25335261b270efcb,548682788,15934492
BUSD,ETH,0xa344c7aDA83113B3B56941F6e85bf2Eb425949f3,1092140,15934499
BUSD,ETH,0xdfd5293d8e347dfe59e90efd55b2956a1343963d,96848328,15935881
BUSD,ETH,0x28c6c06298d514db089934071355e5743bf21d60,95222884,15935898
BUSD,ETH,0x21a31ee1afc51d94c2efccaa2092ad1028285549,49824173,15935895
BNB,BEP2,bnb1edrs5cukhx060e02u98v9j8spum7vhuqg9ctxd,29888000,277428134
BNB,BEP2,bnb142q467df6jun6rt5u2ar58sp47hm5f9wvz2cvg,4000000,277428522
BNB,BEP2,bnb1u2agwjat20494fmc6jnuau0ls937cfjn4pjwtn,2014620,277428615
BNB,BEP2,bnb1lsmt5a8vqqus5fwslx8pyyemgjtg4y6ugj308t,200000,277428636
BNB,BEP2,bnb1fnd0k5l4p3ck2j9x9dp36chk059w977pszdgdz,283852,277467847
BNB,BEP2,bnb1jxfh2g85q3v0tdq56fnevx6xcxtcnhtsmcu64m,111091,275014385
BNB,BEP2,bnb1m5amny2gs3xdyta6pksmr43zu4727w24syyks7,16387,277467430
BNB,BEP2,bnb1panyupy43sazh4dka6fg3s08909ejhqz4k23eg,13897,272331028
BNB,BEP2,bnb1ymasdm96ld0v6s38ylvu0qsw0xmhdlhy47tpsg,13893,272331009
BNB,BEP2,bnb1tdcrvgjl580p2qv77y0cu2ezk3c80039psx6sh,13890,272330993
BNB,BEP2,bnb1e08c39tjpr5fvdh4cfhqmyclrh62ag45qmddud,13890,272331006
BNB,BEP2,bnb1lq4s05lgat8d0qh275q0elt4m9rs760m0ryced,13889,272331005
BNB,BEP2,bnb1t5fn9faqu5aanvexqu8dt9tah4jg20eun8gsee,13889,272331018
BNB,BEP2,bnb1dkckvfuqv7fjl902cvuqmde27skk94kjp09j99,13889,272330988
BNB,BEP2,bnb14u5qnp4peug4a6wlz327mx9xjd0xf6phe7ew8u,13888,272331007
BNB,BEP2,bnb19fk9hqqlp8xcwrt0w35weyufnglp43hlthev3l,13888,272331002
BNB,BEP2,bnb1uexf06gd94qsxdmqamk360d893dsrm8lvwyjsd,13888,272331000
BNB,BEP2,bnb1uwdm6vrfvx43wqj8cj3h362kad0g0nrk3gumg8,13888,272330991
BNB,BEP2,bnb1a5f0ghn3c2whfmz3z0wjggwcgsk2t26ynqn68x,13888,276952310
BNB,BEP2,bnb1s3czyqxaf4hyt3rueg9gss08nfnvxjzy5qfu2p,13888,272331019
BNB,BEP2,bnb1yud0r5kz3ctu07fwax3j753ueef6d0n0uxrx94,13888,272330983
BNB,BEP2,bnb1fxk3lmfu2h0qhywdump0hvggg6prlge88f42n9,13888,272330981
BNB,BEP2,bnb1erq4ykp99sm87tsrfg8mgjef350gqtzhsqwys6,13888,272330998
BNB,BEP2,bnb1u70jtt2umum4ag3vcpw2h8v8levm47t0mtjwmh,13888,272330994
BNB,BEP2,bnb1xrfwzlu9c5208lhtn7ywt0mjrhjh4nt4fjyqxy,9462,277467430
BNB,BEP20,0xf977814e90da44bfa03b6295a0616a897441acec,4784753,22914769
BNB,BEP20,0xBE0eB53F46cd790Cd13851d5EFf43D12404d33E8,10000,22914767
BNB,BEP20,0x5a52e96bacdabb82fd05763e25335261b270efcb,7000,22914765
BNB,BEP20,0x3c783c21a0383057d128bae431894a5c19f9cf06,117238,22920346
BNB,BEP20,0xdccf3b77da55107280bd850ea519df3705d1a75a,113924,22920346
BNB,BEP20,0x8894e0a0c962cb723c1976a4421c95949be2d4e3,107470,22920346
BNB,BEP20,0x515b72ed8a97f42c568d6a143232775018f133c8,102739,22920346
BNB,BEP20,0xbd612a3f30dca67bf60a39fd0d35e39b7ab80774,92016,22920346
BNB,BEP20,0x01c952174c24e1210d26961d456a77a39e1f0bb0,46058,22920346
BNB,BEP20,0x29bdfbf7d27462a2d115748ace2bd71a2646946c,41152,22920346
BNB,BEP20,0xe2fc31f816a9b94326492132018c3aecc4a93ae1,24725,22920346
BNB,BEP20,0x73f5ebe90f27b46ea12e5795d16c4b408b19cc6f,6473,22920346
BNB,BEP20,0x161ba15a5f335c9f06bb5bbb0a9ce14076fbb645,6412,22920346
BNB,BEP20,0x1fbe2acee135d991592f167ac371f3dd893a508b,6403,22920346
BNB,BEP20,0xeb2d2f1b8c558a40207669291fda468e50c8a0bb,6148,22920346
BNB,BEP20,0xa180fe01b906a1be37be6c534a3300785b20d947,6141,22920346
BNB,ETH,0xbe0eb53f46cd790cd13851d5eff43d12404d33e8,8623840,15934488
BNB,ETH,0xf977814e90da44bfa03b6295a0616a897441acec,7483842,15935511
